,_batch,cell_type,sub_cell_type,sp,individual,status,tissue,repeat,sample,Major cell type,Minor subset,x,y
bc0002;m1tl_1,m1tl_1,MoMacDC,DC1,mouse,m1,tumor,lung,1,t_1_1,MoMacDC,DC1,1068.80896839,-37.9668513344
bc0003;m1tl_1,m1tl_1,MoMacDC,DC3,mouse,m1,tumor,lung,1,t_1_1,MoMacDC,DC3,791.206112792,-51.7566951196
bc0004;m1tl_1,m1tl_1,MoMacDC,DC1,mouse,m1,tumor,lung,1,t_1_1,MoMacDC,DC1,1068.68885105,-17.459386185899998
bc0005;m1tl_1,m1tl_1,MoMacDC,DC3,mouse,m1,tumor,lung,1,t_1_1,MoMacDC,DC3,805.51653844,-52.7067087115
bc0007;m1tl_1,m1tl_1,MoMacDC,DC3,mouse,m1,tumor,lung,1,t_1_1,MoMacDC,DC3,688.3331291630001,-49.584085691400006
bc0011;m1tl_1,m1tl_1,MoMacDC,DC3,mouse,m1,tumor,lung,1,t_1_1,MoMacDC,DC3,773.818119751,-48.5156981519
bc0018;m1tl_1,m1tl_1,MoMacDC,DC3,mouse,m1,tumor,lung,1,t_1_1,MoMacDC,DC3,696.944145571,-72.84156121560001
bc0022;m1tl_1,m1tl_1,MoMacDC,DC3,mouse,m1,tumor,lung,1,t_1_1,MoMacDC,DC3,720.488646741,-53.6066146257
bc0024;m1tl_1,m1tl_1,MoMacDC,DC1,mouse,m1,tumor,lung,1,t_1_1,MoMacDC,DC1,1047.53371507,-21.9990401962
bc0025;m1tl_1,m1tl_1,MoMacDC,DC1,mouse,m1,tumor,lung,1,t_1_1,MoMacDC,DC1,1053.75183487,-18.291975324000003
bc0030;m1tl_1,m1tl_1,MoMacDC,DC1,mouse,m1,tumor,lung,1,t_1_1,MoMacDC,DC1,1045.20577638,-32.1496342715
bc0035;m1tl_1,m1tl_1,MoMacDC,DC1,mouse,m1,tumor,lung,1,t_1_1,MoMacDC,DC1,1058.15821432,-10.5501754113
bc0047;m1tl_1,m1tl_1,MoMacDC,DC2,mouse,m1,tumor,lung,1,t_1_1,MoMacDC,DC2,1064.05147716,-40.8618877136
bc0050;m1tl_1,m1tl_1,MoMacDC,DC3,mouse,m1,tumor,lung,1,t_1_1,MoMacDC,DC3,788.1946312010001,-47.0097051755
bc0053;m1tl_1,m1tl_1,MoMacDC,DC3,mouse,m1,tumor,lung,1,t_1_1,MoMacDC,DC3,667.231779413,-50.998510054700006
bc0062;m1tl_1,m1tl_1,MoMacDC,DC1,mouse,m1,tumor,lung,1,t_1_1,MoMacDC,DC1,1067.37056448,-23.5012043048
bc0067;m1tl_1,m1tl_1,MoMacDC,DC2,mouse,m1,tumor,lung,1,t_1_1,MoMacDC,DC2,1063.61856376,-33.1233717899
bc0072;m1tl_1,m1tl_1,MoMacDC,DC2,mouse,m1,tumor,lung,1,t_1_1,MoMacDC,DC2,1067.24254745,-48.48855989810001
bc0076;m1tl_1,m1tl_1,MoMacDC,DC3,mouse,m1,tumor,lung,1,t_1_1,MoMacDC,DC3,683.209965885,-50.5914591764
bc0080;m1tl_1,m1tl_1,MoMacDC,DC2,mouse,m1,tumor,lung,1,t_1_1,MoMacDC,DC2,965.354018305,-52.5322286004
bc0089;m1tl_1,m1tl_1,MoMacDC,DC2,mouse,m1,tumor,lung,1,t_1_1,MoMacDC,DC2,1051.92941352,-60.0372056186
bc0093;m1tl_1,m1tl_1,MoMacDC,DC3,mouse,m1,tumor,lung,1,t_1_1,MoMacDC,DC3,782.644670903,-54.0233635124
bc0094;m1tl_1,m1tl_1,pDC,pDC,mouse,m1,tumor,lung,1,t_1_1,pDC,pDC,1469.82662102,125.029355892
bc0102;m1tl_1,m1tl_1,MoMacDC,DC2,mouse,m1,tumor,lung,1,t_1_1,MoMacDC,DC2,1071.83450386,-37.6505770233
bc0103;m1tl_1,m1tl_1,MoMacDC,DC3,mouse,m1,tumor,lung,1,t_1_1,MoMacDC,DC3,700.87206009,-65.2890006115
bc0109;m1tl_1,m1tl_1,MoMacDC,DC3,mouse,m1,tumor,lung,1,t_1_1,MoMacDC,DC3,697.254990785,-54.5561160831
bc0116;m1tl_1,m1tl_1,MoMacDC,DC3,mouse,m1,tumor,lung,1,t_1_1,MoMacDC,DC3,716.125229219,-59.7469201136
bc0118;m1tl_1,m1tl_1,MoMacDC,DC3,mouse,m1,tumor,lung,1,t_1_1,MoMacDC,DC3,726.362201851,-56.8256372545
bc0127;m1tl_1,m1tl_1,MoMacDC,DC3,mouse,m1,tumor,lung,1,t_1_1,MoMacDC,DC3,689.787584292,-53.5747327007
bc0132;m1tl_1,m1tl_1,MoMacDC,DC3,mouse,m1,tumor,lung,1,t_1_1,MoMacDC,DC3,717.548040802,-73.6506937132
bc0134;m1tl_1,m1tl_1,MoMacDC,DC2,mouse,m1,tumor,lung,1,t_1_1,MoMacDC,DC2,1070.77483582,-46.2665119815
bc0135;m1tl_1,m1tl_1,MoMacDC,MonoDC,mouse,m1,tumor,lung,1,t_1_1,MoMacDC,MonoDC,1052.47823074,-5.26586350924
bc0151;m1tl_1,m1tl_1,MoMacDC,DC2,mouse,m1,tumor,lung,1,t_1_1,MoMacDC,DC2,1029.01632448,-58.021928793
bc0157;m1tl_1,m1tl_1,MoMacDC,DC3,mouse,m1,tumor,lung,1,t_1_1,MoMacDC,DC3,793.0912461180001,-54.5729048307
bc0158;m1tl_1,m1tl_1,MoMacDC,DC3,mouse,m1,tumor,lung,1,t_1_1,MoMacDC,DC3,732.3540886139999,-47.5663987459
bc0171;m1tl_1,m1tl_1,MoMacDC,DC3,mouse,m1,tumor,lung,1,t_1_1,MoMacDC,DC3,696.9994868839999,-45.294486211000006
bc0184;m1tl_1,m1tl_1,MoMacDC,DC3,mouse,m1,tumor,lung,1,t_1_1,MoMacDC,DC3,667.692751187,-54.0380227885
bc0194;m1tl_1,m1tl_1,MoMacDC,MonoDC,mouse,m1,tumor,lung,1,t_1_1,MoMacDC,MonoDC,1296.89937355,32.1165510513
bc0203;m1tl_1,m1tl_1,MoMacDC,DC3,mouse,m1,tumor,lung,1,t_1_1,MoMacDC,DC3,730.211666865,-56.5174829504
bc0205;m1tl_1,m1tl_1,MoMacDC,MonoDC,mouse,m1,tumor,lung,1,t_1_1,MoMacDC,MonoDC,1226.82016196,-3.3863500631200005
bc0206;m1tl_1,m1tl_1,MoMacDC,DC2,mouse,m1,tumor,lung,1,t_1_1,MoMacDC,DC2,1070.7263204,-33.7014029427
bc0210;m1tl_1,m1tl_1,MoMacDC,DC1,mouse,m1,tumor,lung,1,t_1_1,MoMacDC,DC1,1044.28905676,-47.606360945
bc0212;m1tl_1,m1tl_1,MoMacDC,DC1,mouse,m1,tumor,lung,1,t_1_1,MoMacDC,DC1,1043.2182038,-7.38234398173
bc0219;m1tl_1,m1tl_1,pDC,pDC,mouse,m1,tumor,lung,1,t_1_1,pDC,pDC,1497.76967114,138.961629269
bc0228;m1tl_1,m1tl_1,MoMacDC,DC3,mouse,m1,tumor,lung,1,t_1_1,MoMacDC,DC3,708.680435743,-65.1805179304
bc0229;m1tl_1,m1tl_1,MoMacDC,DC3,mouse,m1,tumor,lung,1,t_1_1,MoMacDC,DC3,715.3163195989999,-50.0841609348
bc0235;m1tl_1,m1tl_1,MoMacDC,DC1,mouse,m1,tumor,lung,1,t_1_1,MoMacDC,DC1,1096.5990298000002,-102.171509177
bc0245;m1tl_1,m1tl_1,MoMacDC,DC1,mouse,m1,tumor,lung,1,t_1_1,MoMacDC,DC1,1048.76145949,-33.8460601447
bc0249;m1tl_1,m1tl_1,MoMacDC,MonoDC,mouse,m1,tumor,lung,1,t_1_1,MoMacDC,MonoDC,1142.79656959,-50.3130753508
bc0262;m1tl_1,m1tl_1,MoMacDC,DC3,mouse,m1,tumor,lung,1,t_1_1,MoMacDC,DC3,757.325635981,-46.665718056
bc0267;m1tl_1,m1tl_1,MoMacDC,MonoDC,mouse,m1,tumor,lung,1,t_1_1,MoMacDC,MonoDC,1204.38692668,-9.84919808241
bc0273;m1tl_1,m1tl_1,pDC,pDC,mouse,m1,tumor,lung,1,t_1_1,pDC,pDC,1492.72238133,135.825436672
bc0274;m1tl_1,m1tl_1,MoMacDC,DC3,mouse,m1,tumor,lung,1,t_1_1,MoMacDC,DC3,705.4323517160001,-45.1132970546
bc0275;m1tl_1,m1tl_1,MoMacDC,DC3,mouse,m1,tumor,lung,1,t_1_1,MoMacDC,DC3,673.072493009,-52.0368081392
bc0276;m1tl_1,m1tl_1,pDC,pDC,mouse,m1,tumor,lung,1,t_1_1,pDC,pDC,1510.79323973,139.579665053
bc0277;m1tl_1,m1tl_1,MoMacDC,DC3,mouse,m1,tumor,lung,1,t_1_1,MoMacDC,DC3,769.2180992110001,-48.43791471229999
bc0281;m1tl_1,m1tl_1,MoMacDC,DC3,mouse,m1,tumor,lung,1,t_1_1,MoMacDC,DC3,707.92508627,-66.9067305834
bc0298;m1tl_1,m1tl_1,MoMacDC,DC3,mouse,m1,tumor,lung,1,t_1_1,MoMacDC,DC3,724.436890149,-46.9130341721
bc0374;m1tl_1,m1tl_1,MoMacDC,DC3,mouse,m1,tumor,lung,1,t_1_1,MoMacDC,DC3,663.9261142309999,-57.3349856243
bc0396;m1tl_1,m1tl_1,MoMacDC,DC3,mouse,m1,tumor,lung,1,t_1_1,MoMacDC,DC3,706.082664994,-48.7751818938
bc0405;m1tl_1,m1tl_1,MoMacDC,DC3,mouse,m1,tumor,lung,1,t_1_1,MoMacDC,DC3,658.104032244,-53.3156631783
bc0422;m1tl_1,m1tl_1,MoMacDC,DC3,mouse,m1,tumor,lung,1,t_1_1,MoMacDC,DC3,768.934688852,-53.4010938837
bc0434;m1tl_1,m1tl_1,MoMacDC,DC3,mouse,m1,tumor,lung,1,t_1_1,MoMacDC,DC3,756.115620973,-48.613539573
bc0442;m1tl_1,m1tl_1,MoMacDC,DC3,mouse,m1,tumor,lung,1,t_1_1,MoMacDC,DC3,710.550707345,-73.2291458297
bc0473;m1tl_1,m1tl_1,MoMacDC,DC2,mouse,m1,tumor,lung,1,t_1_1,MoMacDC,DC2,1064.82405717,-16.3395683896
bc0475;m1tl_1,m1tl_1,MoMacDC,DC3,mouse,m1,tumor,lung,1,t_1_1,MoMacDC,DC3,695.04775693,-49.4306396728
bc0521;m1tl_1,m1tl_1,MoMacDC,MonoDC,mouse,m1,tumor,lung,1,t_1_1,MoMacDC,MonoDC,1171.55655739,-47.777938285
bc0559;m1tl_1,m1tl_1,MoMacDC,DC1,mouse,m1,tumor,lung,1,t_1_1,MoMacDC,DC1,1024.79264116,60.3743039443
bc0583;m1tl_1,m1tl_1,MoMacDC,DC1,mouse,m1,tumor,lung,1,t_1_1,MoMacDC,DC1,1056.72326225,-21.5710249004
bc0604;m1tl_1,m1tl_1,MoMacDC,DC3,mouse,m1,tumor,lung,1,t_1_1,MoMacDC,DC3,689.336202241,-66.1360016445
bc0640;m1tl_1,m1tl_1,MoMacDC,DC1,mouse,m1,tumor,lung,1,t_1_1,MoMacDC,DC1,1065.10255814,-13.8577855925
bc0680;m1tl_1,m1tl_1,MoMacDC,DC3,mouse,m1,tumor,lung,1,t_1_1,MoMacDC,DC3,669.0538404619999,-52.6916130587
bc0784;m1tl_1,m1tl_1,MoMacDC,DC3,mouse,m1,tumor,lung,1,t_1_1,MoMacDC,DC3,688.8343150589999,-58.8121320433
bc0834;m1tl_1,m1tl_1,MoMacDC,DC1,mouse,m1,tumor,lung,1,t_1_1,MoMacDC,DC1,1069.91962504,-20.772717384
bc0917;m1tl_1,m1tl_1,MoMacDC,DC2,mouse,m1,tumor,lung,1,t_1_1,MoMacDC,DC2,1065.12178396,-31.9218675015
bc0925;m1tl_1,m1tl_1,MoMacDC,DC2,mouse,m1,tumor,lung,1,t_1_1,MoMacDC,DC2,1072.38458156,-24.268580218
bc1018;m1tl_1,m1tl_1,MoMacDC,DC3,mouse,m1,tumor,lung,1,t_1_1,MoMacDC,DC3,743.403835365,-72.09054590390001
bc1027;m1tl_1,m1tl_1,MoMacDC,DC2,mouse,m1,tumor,lung,1,t_1_1,MoMacDC,DC2,849.476238241,-54.531816371800005
bc1031;m1tl_1,m1tl_1,MoMacDC,DC3,mouse,m1,tumor,lung,1,t_1_1,MoMacDC,DC3,728.153169121,-55.321582513900005
bc1044;m1tl_1,m1tl_1,pDC,pDC,mouse,m1,tumor,lung,1,t_1_1,pDC,pDC,1484.12842783,134.46940706799998
bc1076;m1tl_1,m1tl_1,MoMacDC,DC3,mouse,m1,tumor,lung,1,t_1_1,MoMacDC,DC3,658.199636824,-60.8537502973
bc1127;m1tl_1,m1tl_1,MoMacDC,DC3,mouse,m1,tumor,lung,1,t_1_1,MoMacDC,DC3,677.728772208,-54.5939119282
bc1293;m1tl_1,m1tl_1,MoMacDC,DC3,mouse,m1,tumor,lung,1,t_1_1,MoMacDC,DC3,662.0008625280001,-53.3004943115
bc1307;m1tl_1,m1tl_1,MoMacDC,DC3,mouse,m1,tumor,lung,1,t_1_1,MoMacDC,DC3,628.490255764,402.363658352
bc1317;m1tl_1,m1tl_1,MoMacDC,DC1,mouse,m1,tumor,lung,1,t_1_1,MoMacDC,DC1,1078.36693634,-2.33303718344
bc1322;m1tl_1,m1tl_1,MoMacDC,DC3,mouse,m1,tumor,lung,1,t_1_1,MoMacDC,DC3,714.242710614,-31.4753348067
bc1327;m1tl_1,m1tl_1,MoMacDC,DC3,mouse,m1,tumor,lung,1,t_1_1,MoMacDC,DC3,711.810285085,-49.0565783928
bc0002;m1tl_2,m1tl_2,MoMacDC,DC1,mouse,m1,tumor,lung,2,t_1_2,MoMacDC,DC1,1070.06157085,-32.245908716100004
bc0003;m1tl_2,m1tl_2,MoMacDC,DC1,mouse,m1,tumor,lung,2,t_1_2,MoMacDC,DC1,1035.60848582,-18.6737731378
bc0005;m1tl_2,m1tl_2,MoMacDC,DC1,mouse,m1,tumor,lung,2,t_1_2,MoMacDC,DC1,1049.78179341,-17.5784771158
bc0007;m1tl_2,m1tl_2,MoMacDC,DC2,mouse,m1,tumor,lung,2,t_1_2,MoMacDC,DC2,1054.0913664,-45.240255624
bc0013;m1tl_2,m1tl_2,MoMacDC,DC2,mouse,m1,tumor,lung,2,t_1_2,MoMacDC,DC2,1068.19115476,-59.4267260787
bc0018;m1tl_2,m1tl_2,MoMacDC,DC2,mouse,m1,tumor,lung,2,t_1_2,MoMacDC,DC2,1112.77986349,-119.728685423
bc0019;m1tl_2,m1tl_2,MoMacDC,DC3,mouse,m1,tumor,lung,2,t_1_2,MoMacDC,DC3,984.963746211,-55.338028782200006
bc0021;m1tl_2,m1tl_2,MoMacDC,DC2,mouse,m1,tumor,lung,2,t_1_2,MoMacDC,DC2,1027.66811104,-52.4028826569
bc0034;m1tl_2,m1tl_2,MoMacDC,DC2,mouse,m1,tumor,lung,2,t_1_2,MoMacDC,DC2,1054.43016749,-62.8899289146
bc0040;m1tl_2,m1tl_2,MoMacDC,DC1,mouse,m1,tumor,lung,2,t_1_2,MoMacDC,DC1,1044.82236361,-9.31208007288
bc0044;m1tl_2,m1tl_2,MoMacDC,DC3,mouse,m1,tumor,lung,2,t_1_2,MoMacDC,DC3,728.987841288,-53.6241555999
bc0046;m1tl_2,m1tl_2,MoMacDC,DC1,mouse,m1,tumor,lung,2,t_1_2,MoMacDC,DC1,1041.23987989,-42.8192770236
bc0047;m1tl_2,m1tl_2,MoMacDC,MonoDC,mouse,m1,tumor,lung,2,t_1_2,MoMacDC,MonoDC,1178.39672438,-21.6932317332
bc0049;m1tl_2,m1tl_2,MoMacDC,DC3,mouse,m1,tumor,lung,2,t_1_2,MoMacDC,DC3,686.079299753,-69.0053762234
bc0053;m1tl_2,m1tl_2,MoMacDC,DC2,mouse,m1,tumor,lung,2,t_1_2,MoMacDC,DC2,1031.52192666,-56.9045633622
bc0055;m1tl_2,m1tl_2,MoMacDC,DC2,mouse,m1,tumor,lung,2,t_1_2,MoMacDC,DC2,1015.91061423,-51.0044949346
bc0061;m1tl_2,m1tl_2,MoMacDC,DC3,mouse,m1,tumor,lung,2,t_1_2,MoMacDC,DC3,704.1497307999999,-66.8548972511
bc0063;m1tl_2,m1tl_2,MoMacDC,DC2,mouse,m1,tumor,lung,2,t_1_2,MoMacDC,DC2,1050.23800242,-33.8455519689
bc0065;m1tl_2,m1tl_2,MoMacDC,DC2,mouse,m1,tumor,lung,2,t_1_2,MoMacDC,DC2,1079.86291705,-88.8353896083
bc0071;m1tl_2,m1tl_2,MoMacDC,DC2,mouse,m1,tumor,lung,2,t_1_2,MoMacDC,DC2,1060.1772115,-49.279448888400005
bc0073;m1tl_2,m1tl_2,MoMacDC,DC3,mouse,m1,tumor,lung,2,t_1_2,MoMacDC,DC3,812.398692837,-58.89397983479999
bc0078;m1tl_2,m1tl_2,MoMacDC,DC1,mouse,m1,tumor,lung,2,t_1_2,MoMacDC,DC1,1047.87711147,-20.6500874222
bc0079;m1tl_2,m1tl_2,MoMacDC,DC2,mouse,m1,tumor,lung,2,t_1_2,MoMacDC,DC2,1075.76293256,-37.8768388987
bc0085;m1tl_2,m1tl_2,MoMacDC,DC3,mouse,m1,tumor,lung,2,t_1_2,MoMacDC,DC3,706.0717501910001,-68.513240128
bc0096;m1tl_2,m1tl_2,pDC,pDC,mouse,m1,tumor,lung,2,t_1_2,pDC,pDC,1469.96920688,126.676816714
bc0098;m1tl_2,m1tl_2,pDC,pDC,mouse,m1,tumor,lung,2,t_1_2,pDC,pDC,1486.64839464,130.595011508
bc0106;m1tl_2,m1tl_2,MoMacDC,MonoDC,mouse,m1,tumor,lung,2,t_1_2,MoMacDC,MonoDC,1138.34221224,-19.7532227562
bc0109;m1tl_2,m1tl_2,MoMacDC,DC2,mouse,m1,tumor,lung,2,t_1_2,MoMacDC,DC2,1041.23388255,-49.3528352683
bc0110;m1tl_2,m1tl_2,MoMacDC,MonoDC,mouse,m1,tumor,lung,2,t_1_2,MoMacDC,MonoDC,1303.4104005000002,-97.5529651109
bc0112;m1tl_2,m1tl_2,MoMacDC,DC1,mouse,m1,tumor,lung,2,t_1_2,MoMacDC,DC1,1043.01532306,-16.6881737519
bc0126;m1tl_2,m1tl_2,MoMacDC,DC2,mouse,m1,tumor,lung,2,t_1_2,MoMacDC,DC2,1019.82025517,-67.56707188930001
bc0133;m1tl_2,m1tl_2,MoMacDC,DC3,mouse,m1,tumor,lung,2,t_1_2,MoMacDC,DC3,692.974335872,-67.6808791949
bc0134;m1tl_2,m1tl_2,pDC,pDC,mouse,m1,tumor,lung,2,t_1_2,pDC,pDC,1478.65432491,127.223866795
bc0143;m1tl_2,m1tl_2,MoMacDC,DC1,mouse,m1,tumor,lung,2,t_1_2,MoMacDC,DC1,1053.10618348,-11.1428323074
bc0150;m1tl_2,m1tl_2,MoMacDC,MonoDC,mouse,m1,tumor,lung,2,t_1_2,MoMacDC,MonoDC,1198.86468269,-12.2127353033
bc0152;m1tl_2,m1tl_2,pDC,pDC,mouse,m1,tumor,lung,2,t_1_2,pDC,pDC,1432.97292165,103.330029507
bc0155;m1tl_2,m1tl_2,MoMacDC,DC2,mouse,m1,tumor,lung,2,t_1_2,MoMacDC,DC2,1088.07108124,-39.1379996254
bc0158;m1tl_2,m1tl_2,pDC,pDC,mouse,m1,tumor,lung,2,t_1_2,pDC,pDC,1466.95441325,119.476476474
bc0173;m1tl_2,m1tl_2,MoMacDC,DC3,mouse,m1,tumor,lung,2,t_1_2,MoMacDC,DC3,744.247380395,-64.20203827579999
bc0174;m1tl_2,m1tl_2,MoMacDC,DC2,mouse,m1,tumor,lung,2,t_1_2,MoMacDC,DC2,1085.0758357,-43.7453161473
bc0175;m1tl_2,m1tl_2,pDC,pDC,mouse,m1,tumor,lung,2,t_1_2,pDC,pDC,1476.03909353,125.892428815
bc0177;m1tl_2,m1tl_2,MoMacDC,DC2,mouse,m1,tumor,lung,2,t_1_2,MoMacDC,DC2,1029.73252437,-45.7400101661
bc0184;m1tl_2,m1tl_2,MoMacDC,DC3,mouse,m1,tumor,lung,2,t_1_2,MoMacDC,DC3,748.49851469,-47.0335334391
bc0188;m1tl_2,m1tl_2,MoMacDC,DC3,mouse,m1,tumor,lung,2,t_1_2,MoMacDC,DC3,806.8488151610001,-64.461324511
bc0194;m1tl_2,m1tl_2,MoMacDC,DC3,mouse,m1,tumor,lung,2,t_1_2,MoMacDC,DC3,793.257772853,-64.8823920052
bc0201;m1tl_2,m1tl_2,MoMacDC,DC2,mouse,m1,tumor,lung,2,t_1_2,MoMacDC,DC2,1013.88668938,-53.3779318916
bc0206;m1tl_2,m1tl_2,MoMacDC,DC2,mouse,m1,tumor,lung,2,t_1_2,MoMacDC,DC2,1035.08409457,-50.5473361704
bc0209;m1tl_2,m1tl_2,MoMacDC,DC3,mouse,m1,tumor,lung,2,t_1_2,MoMacDC,DC3,694.5227645580001,-63.1472111449
bc0210;m1tl_2,m1tl_2,MoMacDC,DC1,mouse,m1,tumor,lung,2,t_1_2,MoMacDC,DC1,1038.00400847,-9.91219924172
bc0211;m1tl_2,m1tl_2,pDC,pDC,mouse,m1,tumor,lung,2,t_1_2,pDC,pDC,1496.20987327,135.891439409
bc0217;m1tl_2,m1tl_2,MoMacDC,DC3,mouse,m1,tumor,lung,2,t_1_2,MoMacDC,DC3,710.7975810710001,-63.7794137709
bc0220;m1tl_2,m1tl_2,MoMacDC,DC2,mouse,m1,tumor,lung,2,t_1_2,MoMacDC,DC2,1019.8312885,-54.6924325203
bc0222;m1tl_2,m1tl_2,pDC,pDC,mouse,m1,tumor,lung,2,t_1_2,pDC,pDC,1473.30564723,128.529949123
bc0224;m1tl_2,m1tl_2,MoMacDC,DC3,mouse,m1,tumor,lung,2,t_1_2,MoMacDC,DC3,694.4572220939999,-70.93122064479999
bc0232;m1tl_2,m1tl_2,pDC,pDC,mouse,m1,tumor,lung,2,t_1_2,pDC,pDC,1451.0625525,113.188657576
bc0233;m1tl_2,m1tl_2,MoMacDC,DC2,mouse,m1,tumor,lung,2,t_1_2,MoMacDC,DC2,1004.23480761,-59.0017945248
bc0239;m1tl_2,m1tl_2,MoMacDC,MonoDC,mouse,m1,tumor,lung,2,t_1_2,MoMacDC,MonoDC,1196.71343423,-24.9261754503
bc0244;m1tl_2,m1tl_2,MoMacDC,DC3,mouse,m1,tumor,lung,2,t_1_2,MoMacDC,DC3,792.8981290410001,-57.1874334774
bc0245;m1tl_2,m1tl_2,MoMacDC,DC2,mouse,m1,tumor,lung,2,t_1_2,MoMacDC,DC2,1058.63111147,-20.955527589000003
bc0265;m1tl_2,m1tl_2,MoMacDC,DC1,mouse,m1,tumor,lung,2,t_1_2,MoMacDC,DC1,1030.51571001,-11.2651388802
bc0281;m1tl_2,m1tl_2,MoMacDC,DC3,mouse,m1,tumor,lung,2,t_1_2,MoMacDC,DC3,825.548033199,-57.7172883601
bc0291;m1tl_2,m1tl_2,MoMacDC,MonoDC,mouse,m1,tumor,lung,2,t_1_2,MoMacDC,MonoDC,1189.22486757,-16.073828796300003
bc0310;m1tl_2,m1tl_2,MoMacDC,DC2,mouse,m1,tumor,lung,2,t_1_2,MoMacDC,DC2,887.1295175060001,-53.8633626384
bc0323;m1tl_2,m1tl_2,MoMacDC,DC2,mouse,m1,tumor,lung,2,t_1_2,MoMacDC,DC2,1054.47725625,-15.0732928003
bc0324;m1tl_2,m1tl_2,MoMacDC,DC2,mouse,m1,tumor,lung,2,t_1_2,MoMacDC,DC2,1050.74162848,-28.9697810583
bc0331;m1tl_2,m1tl_2,MoMacDC,DC1,mouse,m1,tumor,lung,2,t_1_2,MoMacDC,DC1,1112.97804068,-127.632768735
bc0342;m1tl_2,m1tl_2,MoMacDC,DC3,mouse,m1,tumor,lung,2,t_1_2,MoMacDC,DC3,725.538854027,-65.7310544549
bc0355;m1tl_2,m1tl_2,MoMacDC,MonoDC,mouse,m1,tumor,lung,2,t_1_2,MoMacDC,MonoDC,1324.6279085,-154.067513935
bc0423;m1tl_2,m1tl_2,MoMacDC,DC3,mouse,m1,tumor,lung,2,t_1_2,MoMacDC,DC3,694.5028195010001,-74.89534063810001
bc0491;m1tl_2,m1tl_2,MoMacDC,MonoDC,mouse,m1,tumor,lung,2,t_1_2,MoMacDC,MonoDC,1223.48564468,-61.437303991
bc0523;m1tl_2,m1tl_2,MoMacDC,DC3,mouse,m1,tumor,lung,2,t_1_2,MoMacDC,DC3,692.432830036,-69.6421414269
bc0526;m1tl_2,m1tl_2,MoMacDC,DC2,mouse,m1,tumor,lung,2,t_1_2,MoMacDC,DC2,1033.0002447000002,-44.932464941400006
bc0529;m1tl_2,m1tl_2,MoMacDC,DC3,mouse,m1,tumor,lung,2,t_1_2,MoMacDC,DC3,704.040804436,-72.9969295944
bc0679;m1tl_2,m1tl_2,MoMacDC,DC1,mouse,m1,tumor,lung,2,t_1_2,MoMacDC,DC1,1047.38419861,-47.195740460900005
bc0733;m1tl_2,m1tl_2,MoMacDC,DC1,mouse,m1,tumor,lung,2,t_1_2,MoMacDC,DC1,1053.91690211,-3.80064141134
bc0763;m1tl_2,m1tl_2,MoMacDC,DC3,mouse,m1,tumor,lung,2,t_1_2,MoMacDC,DC3,743.265086345,-82.281007465
bc0820;m1tl_2,m1tl_2,MoMacDC,DC1,mouse,m1,tumor,lung,2,t_1_2,MoMacDC,DC1,1057.23321067,-9.57851514537
bc0869;m1tl_2,m1tl_2,MoMacDC,MonoDC,mouse,m1,tumor,lung,2,t_1_2,MoMacDC,MonoDC,1206.15660988,-54.228021156
bc0901;m1tl_2,m1tl_2,MoMacDC,DC1,mouse,m1,tumor,lung,2,t_1_2,MoMacDC,DC1,1068.32962843,-26.922099276500003
bc0910;m1tl_2,m1tl_2,MoMacDC,DC3,mouse,m1,tumor,lung,2,t_1_2,MoMacDC,DC3,650.080066559,-60.5299221811
bc0947;m1tl_2,m1tl_2,MoMacDC,MonoDC,mouse,m1,tumor,lung,2,t_1_2,MoMacDC,MonoDC,1042.69649596,-23.357417602
bc0950;m1tl_2,m1tl_2,MoMacDC,DC3,mouse,m1,tumor,lung,2,t_1_2,MoMacDC,DC3,664.157362149,-69.3805429564
bc0974;m1tl_2,m1tl_2,MoMacDC,DC1,mouse,m1,tumor,lung,2,t_1_2,MoMacDC,DC1,1028.31182782,-2.01584761369
bc1002;m1tl_2,m1tl_2,MoMacDC,DC2,mouse,m1,tumor,lung,2,t_1_2,MoMacDC,DC2,981.540801274,-41.7240988852
bc1033;m1tl_2,m1tl_2,MoMacDC,DC3,mouse,m1,tumor,lung,2,t_1_2,MoMacDC,DC3,676.626768636,-77.15682924069999
bc1054;m1tl_2,m1tl_2,MoMacDC,DC3,mouse,m1,tumor,lung,2,t_1_2,MoMacDC,DC3,721.768123615,-78.07065041850001
bc1067;m1tl_2,m1tl_2,MoMacDC,DC1,mouse,m1,tumor,lung,2,t_1_2,MoMacDC,DC1,1030.0333022,9.90387952637
bc1078;m1tl_2,m1tl_2,MoMacDC,MonoDC,mouse,m1,tumor,lung,2,t_1_2,MoMacDC,MonoDC,1174.84551628,-50.448061867700005
bc1102;m1tl_2,m1tl_2,MoMacDC,MonoDC,mouse,m1,tumor,lung,2,t_1_2,MoMacDC,MonoDC,1205.61839793,-17.8918187927
bc1142;m1tl_2,m1tl_2,MoMacDC,DC3,mouse,m1,tumor,lung,2,t_1_2,MoMacDC,DC3,707.220548601,-77.0866248153
bc0002;m1tl_3,m1tl_3,MoMacDC,DC1,mouse,m1,tumor,lung,3,t_1_3,MoMacDC,DC1,1040.20380872,-21.2361680453
bc0005;m1tl_3,m1tl_3,MoMacDC,DC2,mouse,m1,tumor,lung,3,t_1_3,MoMacDC,DC2,1012.1339834,-47.3761369844
bc0007;m1tl_3,m1tl_3,MoMacDC,DC1,mouse,m1,tumor,lung,3,t_1_3,MoMacDC,DC1,1057.71495532,-24.8072025817
bc0008;m1tl_3,m1tl_3,MoMacDC,DC3,mouse,m1,tumor,lung,3,t_1_3,MoMacDC,DC3,773.257694603,-86.3012860645
bc0009;m1tl_3,m1tl_3,MoMacDC,DC3,mouse,m1,tumor,lung,3,t_1_3,MoMacDC,DC3,814.068866265,-51.3370840293
bc0013;m1tl_3,m1tl_3,MoMacDC,DC2,mouse,m1,tumor,lung,3,t_1_3,MoMacDC,DC2,990.420236104,-62.142881178900005
bc0015;m1tl_3,m1tl_3,MoMacDC,DC1,mouse,m1,tumor,lung,3,t_1_3,MoMacDC,DC1,1051.62817539,-16.109737419600002
bc0021;m1tl_3,m1tl_3,MoMacDC,DC3,mouse,m1,tumor,lung,3,t_1_3,MoMacDC,DC3,715.918693522,-63.9435686855
bc0025;m1tl_3,m1tl_3,MoMacDC,MonoDC,mouse,m1,tumor,lung,3,t_1_3,MoMacDC,MonoDC,1165.97105388,-21.8055472972
bc0027;m1tl_3,m1tl_3,MoMacDC,DC3,mouse,m1,tumor,lung,3,t_1_3,MoMacDC,DC3,780.4301210030001,-80.549109933
bc0030;m1tl_3,m1tl_3,MoMacDC,DC1,mouse,m1,tumor,lung,3,t_1_3,MoMacDC,DC1,1038.66841139,-27.2699954979
bc0037;m1tl_3,m1tl_3,MoMacDC,DC3,mouse,m1,tumor,lung,3,t_1_3,MoMacDC,DC3,682.889187385,-65.5943996854
bc0040;m1tl_3,m1tl_3,MoMacDC,DC2,mouse,m1,tumor,lung,3,t_1_3,MoMacDC,DC2,1171.08988001,-59.3094900116
bc0045;m1tl_3,m1tl_3,MoMacDC,DC3,mouse,m1,tumor,lung,3,t_1_3,MoMacDC,DC3,662.049901135,-68.5839843284
bc0046;m1tl_3,m1tl_3,MoMacDC,DC1,mouse,m1,tumor,lung,3,t_1_3,MoMacDC,DC1,1035.77155509,-23.7845291144
bc0049;m1tl_3,m1tl_3,MoMacDC,DC3,mouse,m1,tumor,lung,3,t_1_3,MoMacDC,DC3,707.6287116110001,-75.4096184697
bc0051;m1tl_3,m1tl_3,MoMacDC,DC3,mouse,m1,tumor,lung,3,t_1_3,MoMacDC,DC3,851.192151048,-62.1123321948
bc0053;m1tl_3,m1tl_3,MoMacDC,DC2,mouse,m1,tumor,lung,3,t_1_3,MoMacDC,DC2,1026.14475291,-34.0491841995
bc0056;m1tl_3,m1tl_3,MoMacDC,DC1,mouse,m1,tumor,lung,3,t_1_3,MoMacDC,DC1,1038.70532274,-16.7456744201
bc0058;m1tl_3,m1tl_3,MoMacDC,DC1,mouse,m1,tumor,lung,3,t_1_3,MoMacDC,DC1,1044.04323122,-17.798253025799998
bc0064;m1tl_3,m1tl_3,MoMacDC,MonoDC,mouse,m1,tumor,lung,3,t_1_3,MoMacDC,MonoDC,1172.67471402,-81.44019820000001
bc0067;m1tl_3,m1tl_3,MoMacDC,DC3,mouse,m1,tumor,lung,3,t_1_3,MoMacDC,DC3,808.401513945,-60.0963922657
bc0068;m1tl_3,m1tl_3,MoMacDC,DC2,mouse,m1,tumor,lung,3,t_1_3,MoMacDC,DC2,1030.26879985,-22.3320732822
bc0073;m1tl_3,m1tl_3,MoMacDC,DC3,mouse,m1,tumor,lung,3,t_1_3,MoMacDC,DC3,874.0000927880001,-55.4093835207
bc0076;m1tl_3,m1tl_3,MoMacDC,DC3,mouse,m1,tumor,lung,3,t_1_3,MoMacDC,DC3,701.5725713789999,-67.5817764009
bc0083;m1tl_3,m1tl_3,MoMacDC,DC2,mouse,m1,tumor,lung,3,t_1_3,MoMacDC,DC2,1058.91796251,-36.9357116956
bc0084;m1tl_3,m1tl_3,MoMacDC,MonoDC,mouse,m1,tumor,lung,3,t_1_3,MoMacDC,MonoDC,1163.80789131,-21.578140337
bc0092;m1tl_3,m1tl_3,MoMacDC,DC3,mouse,m1,tumor,lung,3,t_1_3,MoMacDC,DC3,707.832245383,-59.62879720229999
bc0094;m1tl_3,m1tl_3,MoMacDC,DC1,mouse,m1,tumor,lung,3,t_1_3,MoMacDC,DC1,1041.54820196,-37.357609698000005
bc0095;m1tl_3,m1tl_3,MoMacDC,DC2,mouse,m1,tumor,lung,3,t_1_3,MoMacDC,DC2,1032.45450857,-39.4222025857
bc0105;m1tl_3,m1tl_3,MoMacDC,DC1,mouse,m1,tumor,lung,3,t_1_3,MoMacDC,DC1,1047.23440437,-38.2220878462
bc0108;m1tl_3,m1tl_3,MoMacDC,DC1,mouse,m1,tumor,lung,3,t_1_3,MoMacDC,DC1,1029.89020183,-13.663793903499998
bc0112;m1tl_3,m1tl_3,MoMacDC,DC3,mouse,m1,tumor,lung,3,t_1_3,MoMacDC,DC3,669.959277968,-63.3224901183
bc0120;m1tl_3,m1tl_3,MoMacDC,DC3,mouse,m1,tumor,lung,3,t_1_3,MoMacDC,DC3,720.652545033,-66.32763970890001
bc0123;m1tl_3,m1tl_3,MoMacDC,DC2,mouse,m1,tumor,lung,3,t_1_3,MoMacDC,DC2,1023.20359334,-61.09734803439999
bc0128;m1tl_3,m1tl_3,MoMacDC,DC3,mouse,m1,tumor,lung,3,t_1_3,MoMacDC,DC3,675.920559147,-72.6216252077
bc0129;m1tl_3,m1tl_3,MoMacDC,DC1,mouse,m1,tumor,lung,3,t_1_3,MoMacDC,DC1,1029.70451037,-19.5331935479
bc0130;m1tl_3,m1tl_3,MoMacDC,DC2,mouse,m1,tumor,lung,3,t_1_3,MoMacDC,DC2,1077.78682479,-40.8797385885
bc0133;m1tl_3,m1tl_3,MoMacDC,DC1,mouse,m1,tumor,lung,3,t_1_3,MoMacDC,DC1,1049.33390276,-15.545083021500002
bc0150;m1tl_3,m1tl_3,MoMacDC,DC2,mouse,m1,tumor,lung,3,t_1_3,MoMacDC,DC2,948.741435957,-48.2301205774
bc0155;m1tl_3,m1tl_3,MoMacDC,DC3,mouse,m1,tumor,lung,3,t_1_3,MoMacDC,DC3,857.025640027,-55.7325125342
bc0158;m1tl_3,m1tl_3,pDC,pDC,mouse,m1,tumor,lung,3,t_1_3,pDC,pDC,1491.62539991,129.573645135
bc0166;m1tl_3,m1tl_3,MoMacDC,DC2,mouse,m1,tumor,lung,3,t_1_3,MoMacDC,DC2,1041.82097131,-31.9151773959
bc0182;m1tl_3,m1tl_3,MoMacDC,DC3,mouse,m1,tumor,lung,3,t_1_3,MoMacDC,DC3,676.2425027730001,-66.1557282091
bc0190;m1tl_3,m1tl_3,MoMacDC,DC2,mouse,m1,tumor,lung,3,t_1_3,MoMacDC,DC2,1034.21756979,-33.9200181064
bc0199;m1tl_3,m1tl_3,MoMacDC,DC3,mouse,m1,tumor,lung,3,t_1_3,MoMacDC,DC3,719.74213399,-75.6180026377
bc0212;m1tl_3,m1tl_3,MoMacDC,DC3,mouse,m1,tumor,lung,3,t_1_3,MoMacDC,DC3,690.030488381,-73.3860052063
bc0218;m1tl_3,m1tl_3,MoMacDC,DC3,mouse,m1,tumor,lung,3,t_1_3,MoMacDC,DC3,707.30449579,-63.588007182
bc0225;m1tl_3,m1tl_3,MoMacDC,DC3,mouse,m1,tumor,lung,3,t_1_3,MoMacDC,DC3,666.368696541,-61.0281083447
bc0232;m1tl_3,m1tl_3,MoMacDC,DC2,mouse,m1,tumor,lung,3,t_1_3,MoMacDC,DC2,1027.37381553,-61.3695959017
bc0236;m1tl_3,m1tl_3,MoMacDC,DC2,mouse,m1,tumor,lung,3,t_1_3,MoMacDC,DC2,1046.89029158,-52.3944641519
bc0237;m1tl_3,m1tl_3,MoMacDC,MonoDC,mouse,m1,tumor,lung,3,t_1_3,MoMacDC,MonoDC,1275.37608454,-124.953654965
bc0240;m1tl_3,m1tl_3,MoMacDC,DC3,mouse,m1,tumor,lung,3,t_1_3,MoMacDC,DC3,702.1242397030001,-58.902225905
bc0256;m1tl_3,m1tl_3,MoMacDC,DC3,mouse,m1,tumor,lung,3,t_1_3,MoMacDC,DC3,721.2040570360001,-59.9272634971
bc0269;m1tl_3,m1tl_3,MoMacDC,DC3,mouse,m1,tumor,lung,3,t_1_3,MoMacDC,DC3,671.8123546769999,-61.282314390100005
bc0284;m1tl_3,m1tl_3,pDC,pDC,mouse,m1,tumor,lung,3,t_1_3,pDC,pDC,1496.47511002,131.600659151
bc0298;m1tl_3,m1tl_3,MoMacDC,DC2,mouse,m1,tumor,lung,3,t_1_3,MoMacDC,DC2,1052.76280782,-21.8058026573
bc0309;m1tl_3,m1tl_3,MoMacDC,DC3,mouse,m1,tumor,lung,3,t_1_3,MoMacDC,DC3,715.8043736410001,-66.4254310762
bc0329;m1tl_3,m1tl_3,MoMacDC,DC3,mouse,m1,tumor,lung,3,t_1_3,MoMacDC,DC3,679.832823565,-66.2138222543
bc0348;m1tl_3,m1tl_3,MoMacDC,DC2,mouse,m1,tumor,lung,3,t_1_3,MoMacDC,DC2,1065.8459642,-96.2770046004
bc0369;m1tl_3,m1tl_3,MoMacDC,DC1,mouse,m1,tumor,lung,3,t_1_3,MoMacDC,DC1,1028.46869411,-17.5183515984
bc0384;m1tl_3,m1tl_3,MoMacDC,MonoDC,mouse,m1,tumor,lung,3,t_1_3,MoMacDC,MonoDC,1194.32244314,-16.4888017529
bc0407;m1tl_3,m1tl_3,pDC,pDC,mouse,m1,tumor,lung,3,t_1_3,pDC,pDC,1512.5841332,138.073195126
bc0420;m1tl_3,m1tl_3,pDC,pDC,mouse,m1,tumor,lung,3,t_1_3,pDC,pDC,1507.9311271,136.593858028
bc0437;m1tl_3,m1tl_3,MoMacDC,DC3,mouse,m1,tumor,lung,3,t_1_3,MoMacDC,DC3,737.1557738560001,-67.1249197785
bc0445;m1tl_3,m1tl_3,MoMacDC,DC2,mouse,m1,tumor,lung,3,t_1_3,MoMacDC,DC2,1020.60253363,-22.6608311329
bc0472;m1tl_3,m1tl_3,pDC,pDC,mouse,m1,tumor,lung,3,t_1_3,pDC,pDC,1501.98236783,136.144170853
bc0482;m1tl_3,m1tl_3,MoMacDC,DC1,mouse,m1,tumor,lung,3,t_1_3,MoMacDC,DC1,1045.4996247,-21.7085831264
bc0507;m1tl_3,m1tl_3,MoMacDC,DC3,mouse,m1,tumor,lung,3,t_1_3,MoMacDC,DC3,713.121767338,-55.2842849472
bc0515;m1tl_3,m1tl_3,MoMacDC,DC1,mouse,m1,tumor,lung,3,t_1_3,MoMacDC,DC1,1031.2596934,-8.70099281019
bc0519;m1tl_3,m1tl_3,MoMacDC,DC3,mouse,m1,tumor,lung,3,t_1_3,MoMacDC,DC3,699.429479942,-60.9123639684
bc0580;m1tl_3,m1tl_3,MoMacDC,DC2,mouse,m1,tumor,lung,3,t_1_3,MoMacDC,DC2,1021.63557402,-52.0430579273
bc0650;m1tl_3,m1tl_3,MoMacDC,DC2,mouse,m1,tumor,lung,3,t_1_3,MoMacDC,DC2,1041.19019453,-51.085745207
bc0662;m1tl_3,m1tl_3,MoMacDC,DC3,mouse,m1,tumor,lung,3,t_1_3,MoMacDC,DC3,705.833582803,-69.8919791247
bc0698;m1tl_3,m1tl_3,MoMacDC,DC2,mouse,m1,tumor,lung,3,t_1_3,MoMacDC,DC2,1113.53288168,-143.222433069
bc0745;m1tl_3,m1tl_3,MoMacDC,DC1,mouse,m1,tumor,lung,3,t_1_3,MoMacDC,DC1,1027.30349981,-19.8964629527
bc0747;m1tl_3,m1tl_3,MoMacDC,DC2,mouse,m1,tumor,lung,3,t_1_3,MoMacDC,DC2,1028.10337678,-9.52676001342
bc0811;m1tl_3,m1tl_3,MoMacDC,DC3,mouse,m1,tumor,lung,3,t_1_3,MoMacDC,DC3,667.474438326,-68.6135072642
bc0838;m1tl_3,m1tl_3,MoMacDC,DC1,mouse,m1,tumor,lung,3,t_1_3,MoMacDC,DC1,1041.74409888,-33.634288665300005
bc0864;m1tl_3,m1tl_3,MoMacDC,MonoDC,mouse,m1,tumor,lung,3,t_1_3,MoMacDC,MonoDC,1322.63094037,-157.917217033
bc0868;m1tl_3,m1tl_3,MoMacDC,DC1,mouse,m1,tumor,lung,3,t_1_3,MoMacDC,DC1,1034.22037317,-26.1553293145
bc0882;m1tl_3,m1tl_3,MoMacDC,DC3,mouse,m1,tumor,lung,3,t_1_3,MoMacDC,DC3,675.343927522,-55.0633038156
bc0894;m1tl_3,m1tl_3,MoMacDC,DC3,mouse,m1,tumor,lung,3,t_1_3,MoMacDC,DC3,807.78681467,-52.7105037783
bc0919;m1tl_3,m1tl_3,MoMacDC,DC3,mouse,m1,tumor,lung,3,t_1_3,MoMacDC,DC3,714.39298741,-68.20016528010001
bc0927;m1tl_3,m1tl_3,MoMacDC,DC1,mouse,m1,tumor,lung,3,t_1_3,MoMacDC,DC1,1052.24895259,-14.2919581425
bc0959;m1tl_3,m1tl_3,MoMacDC,DC1,mouse,m1,tumor,lung,3,t_1_3,MoMacDC,DC1,1044.4576523,-2.3293869807
bc0978;m1tl_3,m1tl_3,MoMacDC,DC1,mouse,m1,tumor,lung,3,t_1_3,MoMacDC,DC1,1023.54806834,12.5793786017
bc0983;m1tl_3,m1tl_3,MoMacDC,DC3,mouse,m1,tumor,lung,3,t_1_3,MoMacDC,DC3,701.8690840139999,-64.13409675770001
bc0996;m1tl_3,m1tl_3,MoMacDC,DC3,mouse,m1,tumor,lung,3,t_1_3,MoMacDC,DC3,688.70973784,-63.9540492476
bc1007;m1tl_3,m1tl_3,MoMacDC,DC2,mouse,m1,tumor,lung,3,t_1_3,MoMacDC,DC2,1038.83654826,-43.8185841042
bc1042;m1tl_3,m1tl_3,MoMacDC,DC3,mouse,m1,tumor,lung,3,t_1_3,MoMacDC,DC3,671.727581275,-65.5465451324
bc1045;m1tl_3,m1tl_3,MoMacDC,MonoDC,mouse,m1,tumor,lung,3,t_1_3,MoMacDC,MonoDC,1251.74665395,-98.6882232327
bc1054;m1tl_3,m1tl_3,MoMacDC,DC3,mouse,m1,tumor,lung,3,t_1_3,MoMacDC,DC3,700.4665076819999,-58.2650029082
bc1068;m1tl_3,m1tl_3,MoMacDC,DC3,mouse,m1,tumor,lung,3,t_1_3,MoMacDC,DC3,771.321198146,-66.3150947614
bc1108;m1tl_3,m1tl_3,MoMacDC,DC1,mouse,m1,tumor,lung,3,t_1_3,MoMacDC,DC1,1060.28994666,-29.9511556049
bc1115;m1tl_3,m1tl_3,MoMacDC,DC3,mouse,m1,tumor,lung,3,t_1_3,MoMacDC,DC3,683.8187557780001,-63.6411878578
bc1119;m1tl_3,m1tl_3,MoMacDC,DC3,mouse,m1,tumor,lung,3,t_1_3,MoMacDC,DC3,746.778949535,-79.23102417359999
bc1147;m1tl_3,m1tl_3,MoMacDC,DC3,mouse,m1,tumor,lung,3,t_1_3,MoMacDC,DC3,734.887634245,-60.1681082346
bc1154;m1tl_3,m1tl_3,MoMacDC,DC2,mouse,m1,tumor,lung,3,t_1_3,MoMacDC,DC2,1124.87250614,-147.92143927799998
bc1157;m1tl_3,m1tl_3,MoMacDC,DC3,mouse,m1,tumor,lung,3,t_1_3,MoMacDC,DC3,722.6974819630001,-61.7422514669
bc1160;m1tl_3,m1tl_3,MoMacDC,DC2,mouse,m1,tumor,lung,3,t_1_3,MoMacDC,DC2,1030.79203931,-25.004291138600003
bc0002;m1tl_4,m1tl_4,MoMacDC,DC1,mouse,m1,tumor,lung,4,t_1_4,MoMacDC,DC1,1069.39773497,-22.2341362238
bc0007;m1tl_4,m1tl_4,MoMacDC,DC1,mouse,m1,tumor,lung,4,t_1_4,MoMacDC,DC1,1059.06794416,-23.8125071008
bc0023;m1tl_4,m1tl_4,MoMacDC,DC3,mouse,m1,tumor,lung,4,t_1_4,MoMacDC,DC3,738.9393188339999,-65.6851623378
bc0025;m1tl_4,m1tl_4,MoMacDC,DC3,mouse,m1,tumor,lung,4,t_1_4,MoMacDC,DC3,676.692504537,-69.68087464119999
bc0029;m1tl_4,m1tl_4,MoMacDC,MonoDC,mouse,m1,tumor,lung,4,t_1_4,MoMacDC,MonoDC,1097.58678479,-43.360612490200005
bc0030;m1tl_4,m1tl_4,MoMacDC,DC3,mouse,m1,tumor,lung,4,t_1_4,MoMacDC,DC3,723.80607215,-70.9466586859
bc0032;m1tl_4,m1tl_4,MoMacDC,DC3,mouse,m1,tumor,lung,4,t_1_4,MoMacDC,DC3,738.0445895839999,-59.4217094049
bc0045;m1tl_4,m1tl_4,MoMacDC,DC3,mouse,m1,tumor,lung,4,t_1_4,MoMacDC,DC3,680.340648969,-62.75809664609999
bc0050;m1tl_4,m1tl_4,MoMacDC,DC3,mouse,m1,tumor,lung,4,t_1_4,MoMacDC,DC3,711.327890901,-61.8942882729
bc0086;m1tl_4,m1tl_4,pDC,pDC,mouse,m1,tumor,lung,4,t_1_4,pDC,pDC,1434.78064676,101.292868635
bc0093;m1tl_4,m1tl_4,MoMacDC,DC2,mouse,m1,tumor,lung,4,t_1_4,MoMacDC,DC2,1044.07688485,-55.2997231885
bc0094;m1tl_4,m1tl_4,MoMacDC,DC3,mouse,m1,tumor,lung,4,t_1_4,MoMacDC,DC3,722.128860843,-51.3531355973
bc0108;m1tl_4,m1tl_4,MoMacDC,DC1,mouse,m1,tumor,lung,4,t_1_4,MoMacDC,DC1,1066.04976542,-34.9454746424
bc0110;m1tl_4,m1tl_4,MoMacDC,DC3,mouse,m1,tumor,lung,4,t_1_4,MoMacDC,DC3,717.693033872,-49.5414666478
bc0120;m1tl_4,m1tl_4,pDC,pDC,mouse,m1,tumor,lung,4,t_1_4,pDC,pDC,1475.29821195,128.239265883
bc0142;m1tl_4,m1tl_4,MoMacDC,MonoDC,mouse,m1,tumor,lung,4,t_1_4,MoMacDC,MonoDC,1364.15695219,-104.829320213
bc0150;m1tl_4,m1tl_4,MoMacDC,DC3,mouse,m1,tumor,lung,4,t_1_4,MoMacDC,DC3,703.886131231,-75.7687492067
bc0151;m1tl_4,m1tl_4,MoMacDC,DC1,mouse,m1,tumor,lung,4,t_1_4,MoMacDC,DC1,1068.00551633,-30.8595970659
bc0154;m1tl_4,m1tl_4,MoMacDC,MonoDC,mouse,m1,tumor,lung,4,t_1_4,MoMacDC,MonoDC,1100.2459537,-27.36408269
bc0171;m1tl_4,m1tl_4,MoMacDC,DC1,mouse,m1,tumor,lung,4,t_1_4,MoMacDC,DC1,1043.38975473,-20.2375273668
bc0215;m1tl_4,m1tl_4,MoMacDC,DC3,mouse,m1,tumor,lung,4,t_1_4,MoMacDC,DC3,693.3297225480001,-73.4696078587
bc0264;m1tl_4,m1tl_4,MoMacDC,DC3,mouse,m1,tumor,lung,4,t_1_4,MoMacDC,DC3,720.067516187,-61.3544832803
bc0270;m1tl_4,m1tl_4,MoMacDC,DC3,mouse,m1,tumor,lung,4,t_1_4,MoMacDC,DC3,770.646959625,-53.9335216513
bc0339;m1tl_4,m1tl_4,MoMacDC,DC3,mouse,m1,tumor,lung,4,t_1_4,MoMacDC,DC3,732.588304178,-62.6784724954
bc0380;m1tl_4,m1tl_4,MoMacDC,DC3,mouse,m1,tumor,lung,4,t_1_4,MoMacDC,DC3,760.2059046910001,-58.4300203341
bc0555;m1tl_4,m1tl_4,MoMacDC,DC3,mouse,m1,tumor,lung,4,t_1_4,MoMacDC,DC3,682.866695029,-70.3098242763
bc0666;m1tl_4,m1tl_4,MoMacDC,DC3,mouse,m1,tumor,lung,4,t_1_4,MoMacDC,DC3,778.923539305,-56.543151822
bc0690;m1tl_4,m1tl_4,MoMacDC,DC3,mouse,m1,tumor,lung,4,t_1_4,MoMacDC,DC3,725.24050612,-71.94152162489999
bc0701;m1tl_4,m1tl_4,pDC,pDC,mouse,m1,tumor,lung,4,t_1_4,pDC,pDC,1485.62733153,134.074396009
bc0726;m1tl_4,m1tl_4,MoMacDC,DC2,mouse,m1,tumor,lung,4,t_1_4,MoMacDC,DC2,1040.31524593,-31.1264784624
bc0782;m1tl_4,m1tl_4,MoMacDC,DC2,mouse,m1,tumor,lung,4,t_1_4,MoMacDC,DC2,1030.28039502,-3.37437730282
bc0809;m1tl_4,m1tl_4,MoMacDC,DC3,mouse,m1,tumor,lung,4,t_1_4,MoMacDC,DC3,686.243117716,-74.4347295067
bc0846;m1tl_4,m1tl_4,MoMacDC,DC2,mouse,m1,tumor,lung,4,t_1_4,MoMacDC,DC2,1044.31348067,-81.1456550212
bc0872;m1tl_4,m1tl_4,MoMacDC,DC3,mouse,m1,tumor,lung,4,t_1_4,MoMacDC,DC3,777.734417907,-63.7680671589
bc0880;m1tl_4,m1tl_4,pDC,pDC,mouse,m1,tumor,lung,4,t_1_4,pDC,pDC,1502.21333259,139.305927646
bc0924;m1tl_4,m1tl_4,MoMacDC,DC1,mouse,m1,tumor,lung,4,t_1_4,MoMacDC,DC1,1036.22285344,-20.9376536138
bc0945;m1tl_4,m1tl_4,MoMacDC,DC1,mouse,m1,tumor,lung,4,t_1_4,MoMacDC,DC1,1038.52879768,-13.0390586133
bc1019;m1tl_4,m1tl_4,MoMacDC,DC1,mouse,m1,tumor,lung,4,t_1_4,MoMacDC,DC1,1131.50948245,-181.664879029
bc1036;m1tl_4,m1tl_4,MoMacDC,DC3,mouse,m1,tumor,lung,4,t_1_4,MoMacDC,DC3,751.8518097269999,-51.1810612545
bc1054;m1tl_4,m1tl_4,MoMacDC,DC1,mouse,m1,tumor,lung,4,t_1_4,MoMacDC,DC1,1040.85549449,-39.6687689088
bc1218;m1tl_4,m1tl_4,MoMacDC,MonoDC,mouse,m1,tumor,lung,4,t_1_4,MoMacDC,MonoDC,1080.73818636,-39.92239484
bc1255;m1tl_4,m1tl_4,MoMacDC,DC1,mouse,m1,tumor,lung,4,t_1_4,MoMacDC,DC1,1064.13362074,-19.744011673
bc1284;m1tl_4,m1tl_4,MoMacDC,DC1,mouse,m1,tumor,lung,4,t_1_4,MoMacDC,DC1,1057.74466265,-4.36654347595
bc1334;m1tl_4,m1tl_4,MoMacDC,DC3,mouse,m1,tumor,lung,4,t_1_4,MoMacDC,DC3,706.48899159,-57.468733619
bc1343;m1tl_4,m1tl_4,MoMacDC,DC2,mouse,m1,tumor,lung,4,t_1_4,MoMacDC,DC2,1030.6097991,-74.6488164458
bc1350;m1tl_4,m1tl_4,MoMacDC,DC1,mouse,m1,tumor,lung,4,t_1_4,MoMacDC,DC1,1062.78848014,-15.8111421076
bc1372;m1tl_4,m1tl_4,MoMacDC,DC2,mouse,m1,tumor,lung,4,t_1_4,MoMacDC,DC2,1038.04936979,-41.8168198746
bc1387;m1tl_4,m1tl_4,MoMacDC,DC2,mouse,m1,tumor,lung,4,t_1_4,MoMacDC,DC2,958.140194758,53.319663140500005
bc1389;m1tl_4,m1tl_4,MoMacDC,DC1,mouse,m1,tumor,lung,4,t_1_4,MoMacDC,DC1,1108.55578964,-126.480728371
bc1440;m1tl_4,m1tl_4,MoMacDC,DC2,mouse,m1,tumor,lung,4,t_1_4,MoMacDC,DC2,1108.72086644,-156.427455593
bc1446;m1tl_4,m1tl_4,pDC,pDC,mouse,m1,tumor,lung,4,t_1_4,pDC,pDC,1502.45363781,131.985120531
bc1448;m1tl_4,m1tl_4,MoMacDC,DC1,mouse,m1,tumor,lung,4,t_1_4,MoMacDC,DC1,989.63971603,-26.3195136146
bc1546;m1tl_4,m1tl_4,MoMacDC,DC1,mouse,m1,tumor,lung,4,t_1_4,MoMacDC,DC1,1063.27999216,-36.517521702
bc006;m1tl_5,m1tl_5,MoMacDC,DC2,mouse,m1,tumor,lung,5,t_1_5,MoMacDC,DC2,1043.9130961,-60.0845400717
bc010;m1tl_5,m1tl_5,MoMacDC,DC1,mouse,m1,tumor,lung,5,t_1_5,MoMacDC,DC1,1044.39407359,-28.2072365324
bc012;m1tl_5,m1tl_5,MoMacDC,DC2,mouse,m1,tumor,lung,5,t_1_5,MoMacDC,DC2,1038.3871074,-55.7803906872
bc017;m1tl_5,m1tl_5,MoMacDC,DC1,mouse,m1,tumor,lung,5,t_1_5,MoMacDC,DC1,1048.02892165,-25.0684263283
bc018;m1tl_5,m1tl_5,MoMacDC,DC3,mouse,m1,tumor,lung,5,t_1_5,MoMacDC,DC3,771.719838053,-78.96095841260001
bc021;m1tl_5,m1tl_5,MoMacDC,DC1,mouse,m1,tumor,lung,5,t_1_5,MoMacDC,DC1,1064.07114709,-24.6509689412
bc022;m1tl_5,m1tl_5,MoMacDC,DC1,mouse,m1,tumor,lung,5,t_1_5,MoMacDC,DC1,1060.47261888,-15.860030511400002
bc030;m1tl_5,m1tl_5,MoMacDC,DC2,mouse,m1,tumor,lung,5,t_1_5,MoMacDC,DC2,1027.74232062,-41.8120548112
bc034;m1tl_5,m1tl_5,MoMacDC,DC1,mouse,m1,tumor,lung,5,t_1_5,MoMacDC,DC1,1079.04617778,-24.6459597061
bc060;m1tl_5,m1tl_5,MoMacDC,DC2,mouse,m1,tumor,lung,5,t_1_5,MoMacDC,DC2,1041.51805838,-66.0264675077
bc069;m1tl_5,m1tl_5,MoMacDC,DC3,mouse,m1,tumor,lung,5,t_1_5,MoMacDC,DC3,841.152215213,-56.384299196
bc071;m1tl_5,m1tl_5,MoMacDC,MonoDC,mouse,m1,tumor,lung,5,t_1_5,MoMacDC,MonoDC,1263.23453217,-142.276466639
bc073;m1tl_5,m1tl_5,MoMacDC,DC2,mouse,m1,tumor,lung,5,t_1_5,MoMacDC,DC2,1046.41260582,-43.8650182561
bc075;m1tl_5,m1tl_5,MoMacDC,DC3,mouse,m1,tumor,lung,5,t_1_5,MoMacDC,DC3,743.660432777,-58.6288997357
bc091;m1tl_5,m1tl_5,MoMacDC,DC3,mouse,m1,tumor,lung,5,t_1_5,MoMacDC,DC3,692.96417632,-66.0403331719
bc123;m1tl_5,m1tl_5,MoMacDC,DC3,mouse,m1,tumor,lung,5,t_1_5,MoMacDC,DC3,700.25643308,-73.6090191009
bc124;m1tl_5,m1tl_5,MoMacDC,DC3,mouse,m1,tumor,lung,5,t_1_5,MoMacDC,DC3,708.983617722,-52.9464492578
bc138;m1tl_5,m1tl_5,MoMacDC,DC3,mouse,m1,tumor,lung,5,t_1_5,MoMacDC,DC3,731.233077867,-68.8414115917
bc164;m1tl_5,m1tl_5,MoMacDC,DC3,mouse,m1,tumor,lung,5,t_1_5,MoMacDC,DC3,676.056789537,-62.0220301791
bc178;m1tl_5,m1tl_5,pDC,pDC,mouse,m1,tumor,lung,5,t_1_5,pDC,pDC,1488.29924299,125.059054056
bc238;m1tl_5,m1tl_5,MoMacDC,DC2,mouse,m1,tumor,lung,5,t_1_5,MoMacDC,DC2,1050.75974392,-50.9682258203
bc243;m1tl_5,m1tl_5,MoMacDC,DC1,mouse,m1,tumor,lung,5,t_1_5,MoMacDC,DC1,1046.6082442,-32.563524528
bc291;m1tl_5,m1tl_5,MoMacDC,DC1,mouse,m1,tumor,lung,5,t_1_5,MoMacDC,DC1,1037.85982422,-23.7936393129
bc297;m1tl_5,m1tl_5,MoMacDC,DC3,mouse,m1,tumor,lung,5,t_1_5,MoMacDC,DC3,712.1671398269999,-57.7554688321
bc308;m1tl_5,m1tl_5,MoMacDC,DC2,mouse,m1,tumor,lung,5,t_1_5,MoMacDC,DC2,1038.64715194,-37.8678355771
bc315;m1tl_5,m1tl_5,MoMacDC,DC3,mouse,m1,tumor,lung,5,t_1_5,MoMacDC,DC3,766.2751747110001,-85.740463669
bc318;m1tl_5,m1tl_5,MoMacDC,DC1,mouse,m1,tumor,lung,5,t_1_5,MoMacDC,DC1,1042.15525347,1.6116754478200002
bc347;m1tl_5,m1tl_5,MoMacDC,DC3,mouse,m1,tumor,lung,5,t_1_5,MoMacDC,DC3,699.119776438,-51.1299072926
bc415;m1tl_5,m1tl_5,MoMacDC,DC2,mouse,m1,tumor,lung,5,t_1_5,MoMacDC,DC2,959.961622102,-69.5525673344
bc492;m1tl_5,m1tl_5,pDC,pDC,mouse,m1,tumor,lung,5,t_1_5,pDC,pDC,1483.35698973,129.39402048
bc574;m1tl_5,m1tl_5,MoMacDC,MonoDC,mouse,m1,tumor,lung,5,t_1_5,MoMacDC,MonoDC,1119.77111063,-20.0181803713
bc575;m1tl_5,m1tl_5,MoMacDC,DC1,mouse,m1,tumor,lung,5,t_1_5,MoMacDC,DC1,1039.85450743,-8.874637290339999
bc592;m1tl_5,m1tl_5,MoMacDC,DC3,mouse,m1,tumor,lung,5,t_1_5,MoMacDC,DC3,727.9880841319999,-66.0633720742
bc623;m1tl_5,m1tl_5,MoMacDC,MonoDC,mouse,m1,tumor,lung,5,t_1_5,MoMacDC,MonoDC,1418.6672429000002,-161.934392961
bc640;m1tl_5,m1tl_5,pDC,pDC,mouse,m1,tumor,lung,5,t_1_5,pDC,pDC,1494.1495142,128.453855475
bc758;m1tl_5,m1tl_5,MoMacDC,DC3,mouse,m1,tumor,lung,5,t_1_5,MoMacDC,DC3,687.7933040460001,-78.9478919972
bc773;m1tl_5,m1tl_5,MoMacDC,DC3,mouse,m1,tumor,lung,5,t_1_5,MoMacDC,DC3,822.497625971,-70.4438935788
bc774;m1tl_5,m1tl_5,pDC,pDC,mouse,m1,tumor,lung,5,t_1_5,pDC,pDC,1489.08483543,132.568096635
bc783;m1tl_5,m1tl_5,MoMacDC,DC2,mouse,m1,tumor,lung,5,t_1_5,MoMacDC,DC2,1030.25071872,-28.0991127617
bc830;m1tl_5,m1tl_5,MoMacDC,DC3,mouse,m1,tumor,lung,5,t_1_5,MoMacDC,DC3,679.6997601219999,-68.7486988112
bc834;m1tl_5,m1tl_5,pDC,pDC,mouse,m1,tumor,lung,5,t_1_5,pDC,pDC,1475.62549787,123.147094179
bc886;m1tl_5,m1tl_5,MoMacDC,DC1,mouse,m1,tumor,lung,5,t_1_5,MoMacDC,DC1,1063.26816348,-10.629517583
bc890;m1tl_5,m1tl_5,pDC,pDC,mouse,m1,tumor,lung,5,t_1_5,pDC,pDC,1500.03618739,130.25155496
bc894;m1tl_5,m1tl_5,MoMacDC,DC3,mouse,m1,tumor,lung,5,t_1_5,MoMacDC,DC3,711.641077438,-69.2314044472
bc908;m1tl_5,m1tl_5,MoMacDC,MonoDC,mouse,m1,tumor,lung,5,t_1_5,MoMacDC,MonoDC,1178.33330044,-17.4328389255
bc949;m1tl_5,m1tl_5,MoMacDC,DC1,mouse,m1,tumor,lung,5,t_1_5,MoMacDC,DC1,1258.76226257,-151.999864903
bc966;m1tl_5,m1tl_5,pDC,pDC,mouse,m1,tumor,lung,5,t_1_5,pDC,pDC,1480.08945921,132.482364574
bc975;m1tl_5,m1tl_5,MoMacDC,DC3,mouse,m1,tumor,lung,5,t_1_5,MoMacDC,DC3,661.029083154,-59.810229677
bc983;m1tl_5,m1tl_5,MoMacDC,DC3,mouse,m1,tumor,lung,5,t_1_5,MoMacDC,DC3,689.7966081039999,-59.9565628016
bc0005;m2tl_1,m2tl_1,MoMacDC,DC3,mouse,m2,tumor,lung,1,t_2_1,MoMacDC,DC3,783.165450857,-63.957261629
bc0008;m2tl_1,m2tl_1,MoMacDC,DC1,mouse,m2,tumor,lung,1,t_2_1,MoMacDC,DC1,1058.58912624,-40.7395236256
bc0009;m2tl_1,m2tl_1,MoMacDC,DC2,mouse,m2,tumor,lung,1,t_2_1,MoMacDC,DC2,1066.9770504,-32.2623076445
bc0012;m2tl_1,m2tl_1,MoMacDC,DC1,mouse,m2,tumor,lung,1,t_2_1,MoMacDC,DC1,1047.2138034,-9.68907089934
bc0016;m2tl_1,m2tl_1,MoMacDC,DC2,mouse,m2,tumor,lung,1,t_2_1,MoMacDC,DC2,997.116844707,-65.4093201895
bc0018;m2tl_1,m2tl_1,MoMacDC,DC3,mouse,m2,tumor,lung,1,t_2_1,MoMacDC,DC3,794.5167159439999,-62.8631802576
bc0020;m2tl_1,m2tl_1,MoMacDC,MonoDC,mouse,m2,tumor,lung,1,t_2_1,MoMacDC,MonoDC,1092.18923611,-27.6826697064
bc0022;m2tl_1,m2tl_1,MoMacDC,MonoDC,mouse,m2,tumor,lung,1,t_2_1,MoMacDC,MonoDC,1086.02824976,-30.0519759167
bc0027;m2tl_1,m2tl_1,pDC,pDC,mouse,m2,tumor,lung,1,t_2_1,pDC,pDC,1465.50221789,115.61373706
bc0030;m2tl_1,m2tl_1,MoMacDC,DC3,mouse,m2,tumor,lung,1,t_2_1,MoMacDC,DC3,766.3871849039999,-51.0672481651
bc0042;m2tl_1,m2tl_1,MoMacDC,MonoDC,mouse,m2,tumor,lung,1,t_2_1,MoMacDC,MonoDC,1172.72100579,-36.8761247888
bc0046;m2tl_1,m2tl_1,MoMacDC,DC1,mouse,m2,tumor,lung,1,t_2_1,MoMacDC,DC1,1073.81570605,-19.6486819968
bc0051;m2tl_1,m2tl_1,MoMacDC,MonoDC,mouse,m2,tumor,lung,1,t_2_1,MoMacDC,MonoDC,1257.17018192,19.0182106287
bc0053;m2tl_1,m2tl_1,MoMacDC,MonoDC,mouse,m2,tumor,lung,1,t_2_1,MoMacDC,MonoDC,1122.99419489,-43.3752893858
bc0058;m2tl_1,m2tl_1,MoMacDC,DC3,mouse,m2,tumor,lung,1,t_2_1,MoMacDC,DC3,736.753000946,-68.5462430167
bc0061;m2tl_1,m2tl_1,MoMacDC,MonoDC,mouse,m2,tumor,lung,1,t_2_1,MoMacDC,MonoDC,1104.20512434,-38.5379144154
bc0073;m2tl_1,m2tl_1,MoMacDC,DC3,mouse,m2,tumor,lung,1,t_2_1,MoMacDC,DC3,709.4520614830001,-119.437801979
bc0075;m2tl_1,m2tl_1,pDC,pDC,mouse,m2,tumor,lung,1,t_2_1,pDC,pDC,1481.20374689,119.98046273
bc0080;m2tl_1,m2tl_1,MoMacDC,DC3,mouse,m2,tumor,lung,1,t_2_1,MoMacDC,DC3,748.752397644,-63.0044208215
bc0089;m2tl_1,m2tl_1,MoMacDC,MonoDC,mouse,m2,tumor,lung,1,t_2_1,MoMacDC,MonoDC,1157.67532882,-24.430923145700003
bc0094;m2tl_1,m2tl_1,MoMacDC,DC3,mouse,m2,tumor,lung,1,t_2_1,MoMacDC,DC3,790.135844789,-56.8228437996
bc0100;m2tl_1,m2tl_1,pDC,pDC,mouse,m2,tumor,lung,1,t_2_1,pDC,pDC,1429.01324744,100.714427674
bc0103;m2tl_1,m2tl_1,MoMacDC,DC3,mouse,m2,tumor,lung,1,t_2_1,MoMacDC,DC3,1072.35134057,-61.7131081087
bc0108;m2tl_1,m2tl_1,MoMacDC,MonoDC,mouse,m2,tumor,lung,1,t_2_1,MoMacDC,MonoDC,1166.41752774,-42.3686007978
bc0118;m2tl_1,m2tl_1,MoMacDC,DC3,mouse,m2,tumor,lung,1,t_2_1,MoMacDC,DC3,728.3903619519999,-59.69573648430001
bc0129;m2tl_1,m2tl_1,MoMacDC,DC3,mouse,m2,tumor,lung,1,t_2_1,MoMacDC,DC3,805.117038925,-59.5571574541
bc0133;m2tl_1,m2tl_1,MoMacDC,DC3,mouse,m2,tumor,lung,1,t_2_1,MoMacDC,DC3,828.4692534689999,-63.4995688573
bc0136;m2tl_1,m2tl_1,pDC,pDC,mouse,m2,tumor,lung,1,t_2_1,pDC,pDC,1436.40642128,104.212442232
bc0146;m2tl_1,m2tl_1,MoMacDC,DC1,mouse,m2,tumor,lung,1,t_2_1,MoMacDC,DC1,1051.39010304,-20.5481079376
bc0163;m2tl_1,m2tl_1,MoMacDC,DC1,mouse,m2,tumor,lung,1,t_2_1,MoMacDC,DC1,1070.51823968,-40.870198523
bc0165;m2tl_1,m2tl_1,pDC,pDC,mouse,m2,tumor,lung,1,t_2_1,pDC,pDC,1446.71490926,111.40242858
bc0169;m2tl_1,m2tl_1,pDC,pDC,mouse,m2,tumor,lung,1,t_2_1,pDC,pDC,1451.36016827,110.705687738
bc0180;m2tl_1,m2tl_1,MoMacDC,DC3,mouse,m2,tumor,lung,1,t_2_1,MoMacDC,DC3,752.98575907,-71.4393896228
bc0190;m2tl_1,m2tl_1,MoMacDC,DC3,mouse,m2,tumor,lung,1,t_2_1,MoMacDC,DC3,735.129790941,-37.5741933506
bc0204;m2tl_1,m2tl_1,MoMacDC,DC1,mouse,m2,tumor,lung,1,t_2_1,MoMacDC,DC1,1082.97124539,-17.367887643499998
bc0207;m2tl_1,m2tl_1,MoMacDC,DC1,mouse,m2,tumor,lung,1,t_2_1,MoMacDC,DC1,1061.93027459,-29.5661263437
bc0257;m2tl_1,m2tl_1,MoMacDC,DC3,mouse,m2,tumor,lung,1,t_2_1,MoMacDC,DC3,755.43037035,-57.45698253729999
bc0259;m2tl_1,m2tl_1,pDC,pDC,mouse,m2,tumor,lung,1,t_2_1,pDC,pDC,1509.6559002,133.774683528
bc0260;m2tl_1,m2tl_1,MoMacDC,DC3,mouse,m2,tumor,lung,1,t_2_1,MoMacDC,DC3,775.902850404,-58.511960433
bc0262;m2tl_1,m2tl_1,MoMacDC,DC3,mouse,m2,tumor,lung,1,t_2_1,MoMacDC,DC3,956.288811375,-74.79339822109999
bc0273;m2tl_1,m2tl_1,MoMacDC,DC3,mouse,m2,tumor,lung,1,t_2_1,MoMacDC,DC3,792.576914258,-60.1140189624
bc0280;m2tl_1,m2tl_1,MoMacDC,DC3,mouse,m2,tumor,lung,1,t_2_1,MoMacDC,DC3,774.1502804610001,-69.1304645015
bc0296;m2tl_1,m2tl_1,MoMacDC,DC3,mouse,m2,tumor,lung,1,t_2_1,MoMacDC,DC3,678.81456653,-72.5693042406
bc0306;m2tl_1,m2tl_1,MoMacDC,DC3,mouse,m2,tumor,lung,1,t_2_1,MoMacDC,DC3,701.007487017,-77.8139717896
bc0307;m2tl_1,m2tl_1,MoMacDC,DC3,mouse,m2,tumor,lung,1,t_2_1,MoMacDC,DC3,796.6178109719999,-59.4797667165
bc0314;m2tl_1,m2tl_1,MoMacDC,DC3,mouse,m2,tumor,lung,1,t_2_1,MoMacDC,DC3,740.601837149,-79.3325329609
bc0330;m2tl_1,m2tl_1,MoMacDC,DC3,mouse,m2,tumor,lung,1,t_2_1,MoMacDC,DC3,732.303578358,-69.4986954734
bc0337;m2tl_1,m2tl_1,MoMacDC,DC3,mouse,m2,tumor,lung,1,t_2_1,MoMacDC,DC3,791.871790703,-62.6188307778
bc0350;m2tl_1,m2tl_1,MoMacDC,MonoDC,mouse,m2,tumor,lung,1,t_2_1,MoMacDC,MonoDC,1032.53544424,-41.1760271798
bc0362;m2tl_1,m2tl_1,MoMacDC,DC3,mouse,m2,tumor,lung,1,t_2_1,MoMacDC,DC3,785.08971476,-51.2163021064
bc0384;m2tl_1,m2tl_1,MoMacDC,DC3,mouse,m2,tumor,lung,1,t_2_1,MoMacDC,DC3,772.510527668,-74.0780915825
bc0393;m2tl_1,m2tl_1,MoMacDC,DC1,mouse,m2,tumor,lung,1,t_2_1,MoMacDC,DC1,1085.8303838,-27.7371584445
bc0400;m2tl_1,m2tl_1,MoMacDC,DC3,mouse,m2,tumor,lung,1,t_2_1,MoMacDC,DC3,771.126243141,-63.0496530655
bc0457;m2tl_1,m2tl_1,MoMacDC,DC3,mouse,m2,tumor,lung,1,t_2_1,MoMacDC,DC3,730.802839737,-60.2560701546
bc0491;m2tl_1,m2tl_1,MoMacDC,DC1,mouse,m2,tumor,lung,1,t_2_1,MoMacDC,DC1,1181.35045756,-228.962741087
bc0495;m2tl_1,m2tl_1,MoMacDC,DC1,mouse,m2,tumor,lung,1,t_2_1,MoMacDC,DC1,945.743435233,63.613194268
bc0511;m2tl_1,m2tl_1,MoMacDC,DC3,mouse,m2,tumor,lung,1,t_2_1,MoMacDC,DC3,747.50354403,-68.3851897678
bc0520;m2tl_1,m2tl_1,MoMacDC,DC3,mouse,m2,tumor,lung,1,t_2_1,MoMacDC,DC3,657.824714095,-63.9858997129
bc0528;m2tl_1,m2tl_1,MoMacDC,DC3,mouse,m2,tumor,lung,1,t_2_1,MoMacDC,DC3,726.581662802,-63.5546627356
bc0546;m2tl_1,m2tl_1,pDC,pDC,mouse,m2,tumor,lung,1,t_2_1,pDC,pDC,1389.65370222,79.3258426352
bc0565;m2tl_1,m2tl_1,MoMacDC,MonoDC,mouse,m2,tumor,lung,1,t_2_1,MoMacDC,MonoDC,664.455750011,510.873277664
bc0569;m2tl_1,m2tl_1,MoMacDC,DC2,mouse,m2,tumor,lung,1,t_2_1,MoMacDC,DC2,1023.56139959,-64.975248087
bc0605;m2tl_1,m2tl_1,MoMacDC,DC1,mouse,m2,tumor,lung,1,t_2_1,MoMacDC,DC1,1079.86899409,-30.963342628000003
bc0609;m2tl_1,m2tl_1,MoMacDC,DC3,mouse,m2,tumor,lung,1,t_2_1,MoMacDC,DC3,774.187792636,-62.745863908
bc0615;m2tl_1,m2tl_1,MoMacDC,DC3,mouse,m2,tumor,lung,1,t_2_1,MoMacDC,DC3,746.354992478,-53.800324881
bc0620;m2tl_1,m2tl_1,MoMacDC,DC3,mouse,m2,tumor,lung,1,t_2_1,MoMacDC,DC3,807.200204538,-67.5304703285
bc0625;m2tl_1,m2tl_1,MoMacDC,DC2,mouse,m2,tumor,lung,1,t_2_1,MoMacDC,DC2,1200.18397866,-267.285225973
bc0632;m2tl_1,m2tl_1,MoMacDC,DC3,mouse,m2,tumor,lung,1,t_2_1,MoMacDC,DC3,799.21955421,-58.0821730772
bc0647;m2tl_1,m2tl_1,MoMacDC,DC2,mouse,m2,tumor,lung,1,t_2_1,MoMacDC,DC2,1051.10520225,-37.0582155325
bc0650;m2tl_1,m2tl_1,pDC,pDC,mouse,m2,tumor,lung,1,t_2_1,pDC,pDC,1468.57902409,116.613219475
bc0666;m2tl_1,m2tl_1,MoMacDC,DC3,mouse,m2,tumor,lung,1,t_2_1,MoMacDC,DC3,496.3344438680001,350.75113039900003
bc0677;m2tl_1,m2tl_1,MoMacDC,DC3,mouse,m2,tumor,lung,1,t_2_1,MoMacDC,DC3,748.785002498,-68.6461590184
bc0679;m2tl_1,m2tl_1,MoMacDC,DC3,mouse,m2,tumor,lung,1,t_2_1,MoMacDC,DC3,728.7316197189999,-1.3295306022600002
bc0683;m2tl_1,m2tl_1,MoMacDC,DC3,mouse,m2,tumor,lung,1,t_2_1,MoMacDC,DC3,785.0611749389999,-66.6395393106
bc0684;m2tl_1,m2tl_1,MoMacDC,DC3,mouse,m2,tumor,lung,1,t_2_1,MoMacDC,DC3,750.2456497689999,-60.8043158553
bc0688;m2tl_1,m2tl_1,MoMacDC,DC3,mouse,m2,tumor,lung,1,t_2_1,MoMacDC,DC3,749.244451165,-59.1748362446
bc0699;m2tl_1,m2tl_1,pDC,pDC,mouse,m2,tumor,lung,1,t_2_1,pDC,pDC,1411.86367987,90.6325332579
bc0706;m2tl_1,m2tl_1,MoMacDC,DC3,mouse,m2,tumor,lung,1,t_2_1,MoMacDC,DC3,736.803272903,-62.954307316400005
bc0709;m2tl_1,m2tl_1,MoMacDC,MonoDC,mouse,m2,tumor,lung,1,t_2_1,MoMacDC,MonoDC,1358.2312670999995,-167.994228183
bc0718;m2tl_1,m2tl_1,MoMacDC,MonoDC,mouse,m2,tumor,lung,1,t_2_1,MoMacDC,MonoDC,1260.33912247,-140.564396105
bc0720;m2tl_1,m2tl_1,MoMacDC,DC3,mouse,m2,tumor,lung,1,t_2_1,MoMacDC,DC3,1332.91470807,-189.104210736
bc0729;m2tl_1,m2tl_1,MoMacDC,DC3,mouse,m2,tumor,lung,1,t_2_1,MoMacDC,DC3,675.89729346,-75.2245271046
bc0732;m2tl_1,m2tl_1,MoMacDC,DC3,mouse,m2,tumor,lung,1,t_2_1,MoMacDC,DC3,777.947430535,-61.42867181810001
bc0739;m2tl_1,m2tl_1,MoMacDC,DC1,mouse,m2,tumor,lung,1,t_2_1,MoMacDC,DC1,1434.18544243,-102.807371584
bc0744;m2tl_1,m2tl_1,MoMacDC,DC1,mouse,m2,tumor,lung,1,t_2_1,MoMacDC,DC1,1127.86014795,-182.755506035
bc0761;m2tl_1,m2tl_1,MoMacDC,DC3,mouse,m2,tumor,lung,1,t_2_1,MoMacDC,DC3,1403.64239716,-119.993272203
bc0764;m2tl_1,m2tl_1,MoMacDC,DC3,mouse,m2,tumor,lung,1,t_2_1,MoMacDC,DC3,672.828074076,-59.7133761524
bc0779;m2tl_1,m2tl_1,MoMacDC,DC3,mouse,m2,tumor,lung,1,t_2_1,MoMacDC,DC3,760.205754297,-55.4764481119
bc0785;m2tl_1,m2tl_1,MoMacDC,DC3,mouse,m2,tumor,lung,1,t_2_1,MoMacDC,DC3,808.6944442060001,-56.58061714229999
bc0787;m2tl_1,m2tl_1,MoMacDC,DC1,mouse,m2,tumor,lung,1,t_2_1,MoMacDC,DC1,1154.93929323,-87.46205762
bc0807;m2tl_1,m2tl_1,MoMacDC,DC2,mouse,m2,tumor,lung,1,t_2_1,MoMacDC,DC2,1185.99465118,-148.20499606
bc0808;m2tl_1,m2tl_1,MoMacDC,DC3,mouse,m2,tumor,lung,1,t_2_1,MoMacDC,DC3,741.447536396,-73.7089226106
bc0810;m2tl_1,m2tl_1,MoMacDC,DC1,mouse,m2,tumor,lung,1,t_2_1,MoMacDC,DC1,1029.3892177,105.799723622
bc0826;m2tl_1,m2tl_1,MoMacDC,DC3,mouse,m2,tumor,lung,1,t_2_1,MoMacDC,DC3,763.904250492,-53.125419455
bc0846;m2tl_1,m2tl_1,MoMacDC,DC3,mouse,m2,tumor,lung,1,t_2_1,MoMacDC,DC3,717.560236695,-56.8435982434
bc0857;m2tl_1,m2tl_1,MoMacDC,DC3,mouse,m2,tumor,lung,1,t_2_1,MoMacDC,DC3,705.490692798,-64.7617551625
bc0937;m2tl_1,m2tl_1,MoMacDC,DC3,mouse,m2,tumor,lung,1,t_2_1,MoMacDC,DC3,714.0264083430001,-44.648728346400006
bc0977;m2tl_1,m2tl_1,MoMacDC,DC3,mouse,m2,tumor,lung,1,t_2_1,MoMacDC,DC3,775.86375713,-47.6957612238
bc005;m2tl_2,m2tl_2,MoMacDC,DC3,mouse,m2,tumor,lung,2,t_2_2,MoMacDC,DC3,718.4347822000001,-71.5575812786
bc007;m2tl_2,m2tl_2,MoMacDC,DC3,mouse,m2,tumor,lung,2,t_2_2,MoMacDC,DC3,655.080030165,-56.9161161761
bc009;m2tl_2,m2tl_2,MoMacDC,DC3,mouse,m2,tumor,lung,2,t_2_2,MoMacDC,DC3,820.84775382,-60.8634664002
bc010;m2tl_2,m2tl_2,MoMacDC,DC3,mouse,m2,tumor,lung,2,t_2_2,MoMacDC,DC3,683.734561458,-75.9505055457
bc011;m2tl_2,m2tl_2,MoMacDC,DC3,mouse,m2,tumor,lung,2,t_2_2,MoMacDC,DC3,691.924487085,-57.928179744
bc012;m2tl_2,m2tl_2,MoMacDC,DC2,mouse,m2,tumor,lung,2,t_2_2,MoMacDC,DC2,1019.84525636,-30.5701332442
bc013;m2tl_2,m2tl_2,MoMacDC,MonoDC,mouse,m2,tumor,lung,2,t_2_2,MoMacDC,MonoDC,1068.32708136,-9.56408134979
bc016;m2tl_2,m2tl_2,MoMacDC,DC1,mouse,m2,tumor,lung,2,t_2_2,MoMacDC,DC1,1040.67781762,-23.0134838295
bc022;m2tl_2,m2tl_2,MoMacDC,DC3,mouse,m2,tumor,lung,2,t_2_2,MoMacDC,DC3,690.3906501839999,-77.4814158553
bc025;m2tl_2,m2tl_2,MoMacDC,DC3,mouse,m2,tumor,lung,2,t_2_2,MoMacDC,DC3,682.451144318,-72.0689109361
bc026;m2tl_2,m2tl_2,MoMacDC,DC1,mouse,m2,tumor,lung,2,t_2_2,MoMacDC,DC1,1055.3180122,-26.6379218526
bc028;m2tl_2,m2tl_2,MoMacDC,MonoDC,mouse,m2,tumor,lung,2,t_2_2,MoMacDC,MonoDC,1184.40908158,-22.9504802406
bc029;m2tl_2,m2tl_2,MoMacDC,DC1,mouse,m2,tumor,lung,2,t_2_2,MoMacDC,DC1,1002.34042281,3.0322179780400003
bc030;m2tl_2,m2tl_2,MoMacDC,MonoDC,mouse,m2,tumor,lung,2,t_2_2,MoMacDC,MonoDC,1161.16109901,-75.6118957504
bc032;m2tl_2,m2tl_2,MoMacDC,DC3,mouse,m2,tumor,lung,2,t_2_2,MoMacDC,DC3,664.539798129,-55.4097056048
bc033;m2tl_2,m2tl_2,MoMacDC,DC3,mouse,m2,tumor,lung,2,t_2_2,MoMacDC,DC3,770.198461175,-55.6613073773
bc034;m2tl_2,m2tl_2,MoMacDC,DC3,mouse,m2,tumor,lung,2,t_2_2,MoMacDC,DC3,668.1232894240001,-65.7819826884
bc035;m2tl_2,m2tl_2,MoMacDC,DC3,mouse,m2,tumor,lung,2,t_2_2,MoMacDC,DC3,815.041399374,-66.5122274592
bc036;m2tl_2,m2tl_2,MoMacDC,DC3,mouse,m2,tumor,lung,2,t_2_2,MoMacDC,DC3,686.703680356,-64.9385366595
bc038;m2tl_2,m2tl_2,MoMacDC,DC1,mouse,m2,tumor,lung,2,t_2_2,MoMacDC,DC1,1039.96658253,-18.0866778837
bc040;m2tl_2,m2tl_2,MoMacDC,DC2,mouse,m2,tumor,lung,2,t_2_2,MoMacDC,DC2,1076.47457705,-35.5069622599
bc044;m2tl_2,m2tl_2,MoMacDC,DC1,mouse,m2,tumor,lung,2,t_2_2,MoMacDC,DC1,1038.19369783,-48.5382120163
bc047;m2tl_2,m2tl_2,MoMacDC,DC3,mouse,m2,tumor,lung,2,t_2_2,MoMacDC,DC3,705.6771601989999,-54.5436700071
bc048;m2tl_2,m2tl_2,MoMacDC,MonoDC,mouse,m2,tumor,lung,2,t_2_2,MoMacDC,MonoDC,1025.74259178,-57.3389480144
bc052;m2tl_2,m2tl_2,MoMacDC,DC1,mouse,m2,tumor,lung,2,t_2_2,MoMacDC,DC1,1044.83963757,-45.5221709921
bc053;m2tl_2,m2tl_2,MoMacDC,DC3,mouse,m2,tumor,lung,2,t_2_2,MoMacDC,DC3,780.8834182,-76.12698284609999
bc054;m2tl_2,m2tl_2,MoMacDC,DC3,mouse,m2,tumor,lung,2,t_2_2,MoMacDC,DC3,677.287911444,-64.7366368725
bc058;m2tl_2,m2tl_2,MoMacDC,DC2,mouse,m2,tumor,lung,2,t_2_2,MoMacDC,DC2,932.936548008,-63.1447737199
bc063;m2tl_2,m2tl_2,MoMacDC,MonoDC,mouse,m2,tumor,lung,2,t_2_2,MoMacDC,MonoDC,1215.29869405,-77.4098185477
bc065;m2tl_2,m2tl_2,MoMacDC,DC3,mouse,m2,tumor,lung,2,t_2_2,MoMacDC,DC3,695.5436122469999,-77.8530110456
bc071;m2tl_2,m2tl_2,MoMacDC,DC1,mouse,m2,tumor,lung,2,t_2_2,MoMacDC,DC1,1017.5021371,-21.663012148000004
bc077;m2tl_2,m2tl_2,MoMacDC,DC3,mouse,m2,tumor,lung,2,t_2_2,MoMacDC,DC3,696.3649365560001,-59.8724001766
bc078;m2tl_2,m2tl_2,MoMacDC,DC3,mouse,m2,tumor,lung,2,t_2_2,MoMacDC,DC3,685.117454358,-69.6202885501
bc080;m2tl_2,m2tl_2,MoMacDC,MonoDC,mouse,m2,tumor,lung,2,t_2_2,MoMacDC,MonoDC,1327.40958854,-87.4751829659
bc101;m2tl_2,m2tl_2,MoMacDC,DC3,mouse,m2,tumor,lung,2,t_2_2,MoMacDC,DC3,670.855876722,-69.3630534969
bc105;m2tl_2,m2tl_2,MoMacDC,DC3,mouse,m2,tumor,lung,2,t_2_2,MoMacDC,DC3,835.7795133,-59.57320641810001
bc110;m2tl_2,m2tl_2,MoMacDC,MonoDC,mouse,m2,tumor,lung,2,t_2_2,MoMacDC,MonoDC,1448.52389398,-134.67219962
bc111;m2tl_2,m2tl_2,MoMacDC,DC3,mouse,m2,tumor,lung,2,t_2_2,MoMacDC,DC3,821.077133077,-68.1172811811
bc118;m2tl_2,m2tl_2,pDC,pDC,mouse,m2,tumor,lung,2,t_2_2,pDC,pDC,1512.16237677,142.747875222
bc120;m2tl_2,m2tl_2,MoMacDC,DC2,mouse,m2,tumor,lung,2,t_2_2,MoMacDC,DC2,1408.95234229,-307.779515692
bc126;m2tl_2,m2tl_2,MoMacDC,DC3,mouse,m2,tumor,lung,2,t_2_2,MoMacDC,DC3,651.713944482,-65.62198081449999
bc129;m2tl_2,m2tl_2,MoMacDC,DC3,mouse,m2,tumor,lung,2,t_2_2,MoMacDC,DC3,759.306175291,-80.4971197023
bc156;m2tl_2,m2tl_2,MoMacDC,DC2,mouse,m2,tumor,lung,2,t_2_2,MoMacDC,DC2,1037.43916213,-39.7329325236
bc157;m2tl_2,m2tl_2,MoMacDC,DC3,mouse,m2,tumor,lung,2,t_2_2,MoMacDC,DC3,715.912056069,-69.7528647019
bc158;m2tl_2,m2tl_2,MoMacDC,DC3,mouse,m2,tumor,lung,2,t_2_2,MoMacDC,DC3,758.338492044,-75.5646038565
bc160;m2tl_2,m2tl_2,pDC,pDC,mouse,m2,tumor,lung,2,t_2_2,pDC,pDC,1508.58831643,141.981248757
bc164;m2tl_2,m2tl_2,pDC,pDC,mouse,m2,tumor,lung,2,t_2_2,pDC,pDC,1493.83759023,133.101318645
bc175;m2tl_2,m2tl_2,MoMacDC,DC3,mouse,m2,tumor,lung,2,t_2_2,MoMacDC,DC3,833.1917616530001,-56.3822853352
bc203;m2tl_2,m2tl_2,MoMacDC,DC3,mouse,m2,tumor,lung,2,t_2_2,MoMacDC,DC3,1460.98970449,-135.212579326
bc213;m2tl_2,m2tl_2,MoMacDC,MonoDC,mouse,m2,tumor,lung,2,t_2_2,MoMacDC,MonoDC,1352.57881323,-113.477537966
bc222;m2tl_2,m2tl_2,MoMacDC,DC3,mouse,m2,tumor,lung,2,t_2_2,MoMacDC,DC3,689.114234592,-62.0124785614
bc231;m2tl_2,m2tl_2,MoMacDC,DC2,mouse,m2,tumor,lung,2,t_2_2,MoMacDC,DC2,1395.57769598,-166.830531407
bc262;m2tl_2,m2tl_2,pDC,pDC,mouse,m2,tumor,lung,2,t_2_2,pDC,pDC,1517.42906157,139.860076945
bc265;m2tl_2,m2tl_2,MoMacDC,DC3,mouse,m2,tumor,lung,2,t_2_2,MoMacDC,DC3,818.260410829,-57.5310196395
bc346;m2tl_2,m2tl_2,MoMacDC,DC1,mouse,m2,tumor,lung,2,t_2_2,MoMacDC,DC1,1125.13601749,-173.67360380000002
bc417;m2tl_2,m2tl_2,MoMacDC,DC2,mouse,m2,tumor,lung,2,t_2_2,MoMacDC,DC2,1375.0957758,-161.53494552
bc450;m2tl_2,m2tl_2,MoMacDC,DC3,mouse,m2,tumor,lung,2,t_2_2,MoMacDC,DC3,1420.92495995,-273.276546303
bc451;m2tl_2,m2tl_2,MoMacDC,DC3,mouse,m2,tumor,lung,2,t_2_2,MoMacDC,DC3,469.43182231300005,276.125210756
bc518;m2tl_2,m2tl_2,MoMacDC,MonoDC,mouse,m2,tumor,lung,2,t_2_2,MoMacDC,MonoDC,1191.0548587,-33.6940346086
bc0004;m2tl_3,m2tl_3,MoMacDC,DC3,mouse,m2,tumor,lung,3,t_2_3,MoMacDC,DC3,794.304101337,-68.5543097089
bc0005;m2tl_3,m2tl_3,MoMacDC,MonoDC,mouse,m2,tumor,lung,3,t_2_3,MoMacDC,MonoDC,1086.01312026,-35.9837199409
bc0006;m2tl_3,m2tl_3,MoMacDC,DC1,mouse,m2,tumor,lung,3,t_2_3,MoMacDC,DC1,1065.42948567,-29.9330104405
bc0007;m2tl_3,m2tl_3,MoMacDC,DC3,mouse,m2,tumor,lung,3,t_2_3,MoMacDC,DC3,739.096137115,-55.9473372411
bc0008;m2tl_3,m2tl_3,MoMacDC,MonoDC,mouse,m2,tumor,lung,3,t_2_3,MoMacDC,MonoDC,1092.63352416,-40.9846273334
bc0012;m2tl_3,m2tl_3,MoMacDC,DC1,mouse,m2,tumor,lung,3,t_2_3,MoMacDC,DC1,1047.97837196,-14.3663262323
bc0018;m2tl_3,m2tl_3,MoMacDC,DC3,mouse,m2,tumor,lung,3,t_2_3,MoMacDC,DC3,761.478187525,-67.4000923314
bc0019;m2tl_3,m2tl_3,MoMacDC,DC2,mouse,m2,tumor,lung,3,t_2_3,MoMacDC,DC2,1074.06882802,-29.798950905300003
bc0021;m2tl_3,m2tl_3,MoMacDC,MonoDC,mouse,m2,tumor,lung,3,t_2_3,MoMacDC,MonoDC,1073.34929515,-26.8472375583
bc0029;m2tl_3,m2tl_3,MoMacDC,MonoDC,mouse,m2,tumor,lung,3,t_2_3,MoMacDC,MonoDC,1170.67727985,-43.4404107252
bc0031;m2tl_3,m2tl_3,MoMacDC,DC1,mouse,m2,tumor,lung,3,t_2_3,MoMacDC,DC1,1066.42729581,-17.9563764979
bc0034;m2tl_3,m2tl_3,MoMacDC,DC3,mouse,m2,tumor,lung,3,t_2_3,MoMacDC,DC3,850.261982268,-84.8896880641
bc0036;m2tl_3,m2tl_3,MoMacDC,DC1,mouse,m2,tumor,lung,3,t_2_3,MoMacDC,DC1,1078.1475029,-22.8505397794
bc0040;m2tl_3,m2tl_3,MoMacDC,DC3,mouse,m2,tumor,lung,3,t_2_3,MoMacDC,DC3,722.633186,-54.6118342561
bc0048;m2tl_3,m2tl_3,MoMacDC,DC3,mouse,m2,tumor,lung,3,t_2_3,MoMacDC,DC3,800.193485031,-64.7813655071
bc0053;m2tl_3,m2tl_3,MoMacDC,DC2,mouse,m2,tumor,lung,3,t_2_3,MoMacDC,DC2,1061.93643083,-27.5185539573
bc0054;m2tl_3,m2tl_3,MoMacDC,DC2,mouse,m2,tumor,lung,3,t_2_3,MoMacDC,DC2,1060.86806116,-55.0340669787
bc0057;m2tl_3,m2tl_3,MoMacDC,MonoDC,mouse,m2,tumor,lung,3,t_2_3,MoMacDC,MonoDC,1185.10969542,-49.5236946588
bc0058;m2tl_3,m2tl_3,MoMacDC,DC3,mouse,m2,tumor,lung,3,t_2_3,MoMacDC,DC3,923.919757591,-69.8173733821
bc0061;m2tl_3,m2tl_3,MoMacDC,DC3,mouse,m2,tumor,lung,3,t_2_3,MoMacDC,DC3,740.001187373,-67.1449309764
bc0063;m2tl_3,m2tl_3,MoMacDC,DC3,mouse,m2,tumor,lung,3,t_2_3,MoMacDC,DC3,803.825078908,-64.2688218959
bc0064;m2tl_3,m2tl_3,MoMacDC,DC3,mouse,m2,tumor,lung,3,t_2_3,MoMacDC,DC3,765.333451372,-60.7019895917
bc0070;m2tl_3,m2tl_3,MoMacDC,MonoDC,mouse,m2,tumor,lung,3,t_2_3,MoMacDC,MonoDC,1185.95270421,-27.1784636374
bc0078;m2tl_3,m2tl_3,MoMacDC,DC3,mouse,m2,tumor,lung,3,t_2_3,MoMacDC,DC3,734.791025492,-72.8272687031
bc0086;m2tl_3,m2tl_3,MoMacDC,DC1,mouse,m2,tumor,lung,3,t_2_3,MoMacDC,DC1,1038.68745334,-64.3612138754
bc0107;m2tl_3,m2tl_3,MoMacDC,DC3,mouse,m2,tumor,lung,3,t_2_3,MoMacDC,DC3,817.026844774,-53.6485130082
bc0111;m2tl_3,m2tl_3,MoMacDC,MonoDC,mouse,m2,tumor,lung,3,t_2_3,MoMacDC,MonoDC,1077.24292401,-32.6771246196
bc0112;m2tl_3,m2tl_3,MoMacDC,DC3,mouse,m2,tumor,lung,3,t_2_3,MoMacDC,DC3,684.4449556659999,-53.4228333646
bc0114;m2tl_3,m2tl_3,MoMacDC,MonoDC,mouse,m2,tumor,lung,3,t_2_3,MoMacDC,MonoDC,1218.57253397,-78.80419707850001
bc0117;m2tl_3,m2tl_3,MoMacDC,DC3,mouse,m2,tumor,lung,3,t_2_3,MoMacDC,DC3,720.54989669,-72.3806785926
bc0120;m2tl_3,m2tl_3,MoMacDC,DC3,mouse,m2,tumor,lung,3,t_2_3,MoMacDC,DC3,746.9530898930001,-65.1142511275
bc0123;m2tl_3,m2tl_3,MoMacDC,MonoDC,mouse,m2,tumor,lung,3,t_2_3,MoMacDC,MonoDC,1120.8078649,-39.2431693594
bc0129;m2tl_3,m2tl_3,MoMacDC,DC1,mouse,m2,tumor,lung,3,t_2_3,MoMacDC,DC1,1049.46734943,-68.9194185219
bc0130;m2tl_3,m2tl_3,MoMacDC,DC1,mouse,m2,tumor,lung,3,t_2_3,MoMacDC,DC1,1076.08956297,-19.4183778067
bc0141;m2tl_3,m2tl_3,MoMacDC,MonoDC,mouse,m2,tumor,lung,3,t_2_3,MoMacDC,MonoDC,1049.71610644,-37.2659831476
bc0153;m2tl_3,m2tl_3,MoMacDC,MonoDC,mouse,m2,tumor,lung,3,t_2_3,MoMacDC,MonoDC,1147.00417253,-39.7630100423
bc0180;m2tl_3,m2tl_3,MoMacDC,DC2,mouse,m2,tumor,lung,3,t_2_3,MoMacDC,DC2,1012.9664155,-71.89313372939999
bc0185;m2tl_3,m2tl_3,pDC,pDC,mouse,m2,tumor,lung,3,t_2_3,pDC,pDC,1465.02296132,119.821515287
bc0192;m2tl_3,m2tl_3,pDC,pDC,mouse,m2,tumor,lung,3,t_2_3,pDC,pDC,1319.75242454,36.6972317619
bc0199;m2tl_3,m2tl_3,MoMacDC,DC3,mouse,m2,tumor,lung,3,t_2_3,MoMacDC,DC3,664.640403507,-65.0066385785
bc0206;m2tl_3,m2tl_3,MoMacDC,MonoDC,mouse,m2,tumor,lung,3,t_2_3,MoMacDC,MonoDC,1113.22461448,-36.3761390618
bc0212;m2tl_3,m2tl_3,MoMacDC,DC3,mouse,m2,tumor,lung,3,t_2_3,MoMacDC,DC3,718.0052798789999,-60.2861546341
bc0241;m2tl_3,m2tl_3,pDC,pDC,mouse,m2,tumor,lung,3,t_2_3,pDC,pDC,1484.17662142,123.515923078
bc0243;m2tl_3,m2tl_3,MoMacDC,DC1,mouse,m2,tumor,lung,3,t_2_3,MoMacDC,DC1,1016.60847627,-46.5066543571
bc0284;m2tl_3,m2tl_3,MoMacDC,DC1,mouse,m2,tumor,lung,3,t_2_3,MoMacDC,DC1,1095.10248148,-19.7929702356
bc0286;m2tl_3,m2tl_3,MoMacDC,DC3,mouse,m2,tumor,lung,3,t_2_3,MoMacDC,DC3,753.740595266,-64.55614396989999
bc0290;m2tl_3,m2tl_3,MoMacDC,MonoDC,mouse,m2,tumor,lung,3,t_2_3,MoMacDC,MonoDC,1352.03804899,-116.113198909
bc0298;m2tl_3,m2tl_3,MoMacDC,DC3,mouse,m2,tumor,lung,3,t_2_3,MoMacDC,DC3,739.5304479719999,-76.5821453727
bc0325;m2tl_3,m2tl_3,MoMacDC,DC3,mouse,m2,tumor,lung,3,t_2_3,MoMacDC,DC3,709.3595455230001,-49.0655647839
bc0347;m2tl_3,m2tl_3,MoMacDC,DC3,mouse,m2,tumor,lung,3,t_2_3,MoMacDC,DC3,768.8863869339999,-121.305558291
bc0406;m2tl_3,m2tl_3,MoMacDC,DC3,mouse,m2,tumor,lung,3,t_2_3,MoMacDC,DC3,752.826776765,-58.7402727404
bc0427;m2tl_3,m2tl_3,MoMacDC,DC3,mouse,m2,tumor,lung,3,t_2_3,MoMacDC,DC3,662.672160052,526.63137393
bc0470;m2tl_3,m2tl_3,MoMacDC,DC3,mouse,m2,tumor,lung,3,t_2_3,MoMacDC,DC3,775.309075379,-56.2923326142
bc0496;m2tl_3,m2tl_3,MoMacDC,MonoDC,mouse,m2,tumor,lung,3,t_2_3,MoMacDC,MonoDC,1178.25383271,-47.6731913463
bc0674;m2tl_3,m2tl_3,MoMacDC,DC3,mouse,m2,tumor,lung,3,t_2_3,MoMacDC,DC3,745.869083782,-68.9417010346
bc0681;m2tl_3,m2tl_3,MoMacDC,MonoDC,mouse,m2,tumor,lung,3,t_2_3,MoMacDC,MonoDC,1217.50466902,-53.5477612493
bc0693;m2tl_3,m2tl_3,MoMacDC,DC2,mouse,m2,tumor,lung,3,t_2_3,MoMacDC,DC2,923.000440688,-60.9227327195
bc0764;m2tl_3,m2tl_3,pDC,pDC,mouse,m2,tumor,lung,3,t_2_3,pDC,pDC,1449.4700871,113.685000996
bc0827;m2tl_3,m2tl_3,MoMacDC,DC3,mouse,m2,tumor,lung,3,t_2_3,MoMacDC,DC3,700.923341163,-79.8174875941
bc0878;m2tl_3,m2tl_3,MoMacDC,DC1,mouse,m2,tumor,lung,3,t_2_3,MoMacDC,DC1,1070.39156866,-13.2874976311
bc1007;m2tl_3,m2tl_3,MoMacDC,DC3,mouse,m2,tumor,lung,3,t_2_3,MoMacDC,DC3,964.320186956,73.8221747148
bc1119;m2tl_3,m2tl_3,MoMacDC,DC3,mouse,m2,tumor,lung,3,t_2_3,MoMacDC,DC3,664.9538948,-72.9997956438
bc1175;m2tl_3,m2tl_3,MoMacDC,DC1,mouse,m2,tumor,lung,3,t_2_3,MoMacDC,DC1,1056.49861508,-12.7381604943
bc1188;m2tl_3,m2tl_3,MoMacDC,DC3,mouse,m2,tumor,lung,3,t_2_3,MoMacDC,DC3,1054.28263905,-9.38751106894
bc1191;m2tl_3,m2tl_3,MoMacDC,DC3,mouse,m2,tumor,lung,3,t_2_3,MoMacDC,DC3,693.9376922339999,-46.4537959947
bc0002;m2tl_4,m2tl_4,MoMacDC,DC2,mouse,m2,tumor,lung,4,t_2_4,MoMacDC,DC2,1076.00134902,5.26188720062
bc0006;m2tl_4,m2tl_4,MoMacDC,DC3,mouse,m2,tumor,lung,4,t_2_4,MoMacDC,DC3,734.0102474930001,-67.2995302402
bc0008;m2tl_4,m2tl_4,MoMacDC,DC2,mouse,m2,tumor,lung,4,t_2_4,MoMacDC,DC2,1042.40928715,-50.2875206248
bc0012;m2tl_4,m2tl_4,MoMacDC,MonoDC,mouse,m2,tumor,lung,4,t_2_4,MoMacDC,MonoDC,1085.73377689,-23.718714116
bc0014;m2tl_4,m2tl_4,MoMacDC,DC3,mouse,m2,tumor,lung,4,t_2_4,MoMacDC,DC3,743.723151968,-63.8554905211
bc0018;m2tl_4,m2tl_4,MoMacDC,DC3,mouse,m2,tumor,lung,4,t_2_4,MoMacDC,DC3,674.159702973,-63.22582809399999
bc0024;m2tl_4,m2tl_4,MoMacDC,MonoDC,mouse,m2,tumor,lung,4,t_2_4,MoMacDC,MonoDC,1236.45120042,-66.7648913975
bc0033;m2tl_4,m2tl_4,MoMacDC,MonoDC,mouse,m2,tumor,lung,4,t_2_4,MoMacDC,MonoDC,1061.97662364,94.1276832894
bc0034;m2tl_4,m2tl_4,MoMacDC,DC3,mouse,m2,tumor,lung,4,t_2_4,MoMacDC,DC3,714.28279684,-72.5099463982
bc0040;m2tl_4,m2tl_4,MoMacDC,DC3,mouse,m2,tumor,lung,4,t_2_4,MoMacDC,DC3,678.0808556769999,-58.1505188683
bc0044;m2tl_4,m2tl_4,MoMacDC,DC2,mouse,m2,tumor,lung,4,t_2_4,MoMacDC,DC2,1019.76535727,-37.6789416701
bc0059;m2tl_4,m2tl_4,MoMacDC,DC3,mouse,m2,tumor,lung,4,t_2_4,MoMacDC,DC3,700.090093228,-69.9356597455
bc0078;m2tl_4,m2tl_4,MoMacDC,DC3,mouse,m2,tumor,lung,4,t_2_4,MoMacDC,DC3,690.69237184,-72.348448933
bc0080;m2tl_4,m2tl_4,MoMacDC,DC2,mouse,m2,tumor,lung,4,t_2_4,MoMacDC,DC2,1052.23820694,-48.6145452505
bc0090;m2tl_4,m2tl_4,MoMacDC,DC3,mouse,m2,tumor,lung,4,t_2_4,MoMacDC,DC3,728.4479966619999,-76.8179818926
bc0096;m2tl_4,m2tl_4,MoMacDC,DC3,mouse,m2,tumor,lung,4,t_2_4,MoMacDC,DC3,718.351786423,-58.5825937992
bc0099;m2tl_4,m2tl_4,MoMacDC,DC2,mouse,m2,tumor,lung,4,t_2_4,MoMacDC,DC2,1097.74657359,-48.7652642016
bc0100;m2tl_4,m2tl_4,MoMacDC,DC3,mouse,m2,tumor,lung,4,t_2_4,MoMacDC,DC3,698.8917017580001,-71.8033454804
bc0106;m2tl_4,m2tl_4,MoMacDC,DC3,mouse,m2,tumor,lung,4,t_2_4,MoMacDC,DC3,765.402606071,-53.082622235
bc0107;m2tl_4,m2tl_4,MoMacDC,DC2,mouse,m2,tumor,lung,4,t_2_4,MoMacDC,DC2,1083.20637548,-41.4761502699
bc0126;m2tl_4,m2tl_4,MoMacDC,MonoDC,mouse,m2,tumor,lung,4,t_2_4,MoMacDC,MonoDC,1216.53055504,20.5707800717
bc0130;m2tl_4,m2tl_4,MoMacDC,MonoDC,mouse,m2,tumor,lung,4,t_2_4,MoMacDC,MonoDC,1227.92709515,-74.5203440136
bc0135;m2tl_4,m2tl_4,MoMacDC,MonoDC,mouse,m2,tumor,lung,4,t_2_4,MoMacDC,MonoDC,1268.30521238,-80.8299674804
bc0148;m2tl_4,m2tl_4,MoMacDC,DC1,mouse,m2,tumor,lung,4,t_2_4,MoMacDC,DC1,1093.19567641,-25.6833621234
bc0153;m2tl_4,m2tl_4,MoMacDC,DC1,mouse,m2,tumor,lung,4,t_2_4,MoMacDC,DC1,1052.78903207,-29.8267611902
bc0154;m2tl_4,m2tl_4,MoMacDC,DC3,mouse,m2,tumor,lung,4,t_2_4,MoMacDC,DC3,702.323108074,-60.4233913807
bc0157;m2tl_4,m2tl_4,MoMacDC,DC3,mouse,m2,tumor,lung,4,t_2_4,MoMacDC,DC3,734.07067901,-65.4349062772
bc0174;m2tl_4,m2tl_4,pDC,pDC,mouse,m2,tumor,lung,4,t_2_4,pDC,pDC,1346.91343969,101.732129076
bc0213;m2tl_4,m2tl_4,MoMacDC,DC3,mouse,m2,tumor,lung,4,t_2_4,MoMacDC,DC3,679.101100827,-66.90294950399999
bc0230;m2tl_4,m2tl_4,MoMacDC,DC2,mouse,m2,tumor,lung,4,t_2_4,MoMacDC,DC2,1090.44149598,-56.3999424555
bc0244;m2tl_4,m2tl_4,MoMacDC,DC1,mouse,m2,tumor,lung,4,t_2_4,MoMacDC,DC1,1034.54759583,-30.2984153754
bc0330;m2tl_4,m2tl_4,MoMacDC,DC3,mouse,m2,tumor,lung,4,t_2_4,MoMacDC,DC3,741.7370102460001,-75.4079522952
bc0385;m2tl_4,m2tl_4,MoMacDC,DC3,mouse,m2,tumor,lung,4,t_2_4,MoMacDC,DC3,703.21024874,-82.01176208060001
bc0480;m2tl_4,m2tl_4,MoMacDC,DC3,mouse,m2,tumor,lung,4,t_2_4,MoMacDC,DC3,719.196211888,-77.5030269538
bc0488;m2tl_4,m2tl_4,pDC,pDC,mouse,m2,tumor,lung,4,t_2_4,pDC,pDC,1449.52684482,116.665827936
bc0580;m2tl_4,m2tl_4,MoMacDC,DC3,mouse,m2,tumor,lung,4,t_2_4,MoMacDC,DC3,752.858101068,-50.3199573882
bc0581;m2tl_4,m2tl_4,MoMacDC,DC2,mouse,m2,tumor,lung,4,t_2_4,MoMacDC,DC2,1037.92990222,-36.9575018319
bc0627;m2tl_4,m2tl_4,MoMacDC,DC3,mouse,m2,tumor,lung,4,t_2_4,MoMacDC,DC3,679.467697937,-64.3850080759
bc0707;m2tl_4,m2tl_4,MoMacDC,DC3,mouse,m2,tumor,lung,4,t_2_4,MoMacDC,DC3,723.8336368,-78.11289248189999
bc0719;m2tl_4,m2tl_4,MoMacDC,DC1,mouse,m2,tumor,lung,4,t_2_4,MoMacDC,DC1,1061.59428627,-23.6467803746
bc0806;m2tl_4,m2tl_4,MoMacDC,MonoDC,mouse,m2,tumor,lung,4,t_2_4,MoMacDC,MonoDC,1196.17553087,-65.2544278744
bc0859;m2tl_4,m2tl_4,MoMacDC,DC3,mouse,m2,tumor,lung,4,t_2_4,MoMacDC,DC3,703.1412357989999,-56.1453242469
bc0950;m2tl_4,m2tl_4,pDC,pDC,mouse,m2,tumor,lung,4,t_2_4,pDC,pDC,1155.46357923,175.806154296
bc1062;m2tl_4,m2tl_4,MoMacDC,DC3,mouse,m2,tumor,lung,4,t_2_4,MoMacDC,DC3,691.865509387,-56.4776958754
